resume_id,job_role
7262,Maintenance Engineer
7456,Maintenance Engineer
2855,Senior ML/NLP Engineer
4678,Marketing Manager
5821,Management Trainee
5399,AI & Deep Learning Engineer
6874,Civil/Environmental Engineer
7195,Mechanical Design Engineer
1503,Management Trainee
6607,Construction Manager
553,Mechanical Design Engineer
8177,Management Trainee
2869,HR & Recruitment Specialist
5342,Admin & Safety Officer
6875,Construction Manager
4739,DevOps Engineer
5735,Admin & Safety Officer
2457,Internal Auditor
5998,Management Trainee
3123,Data Engineer
1722,VAT & Finance Officer
159,Senior ML/NLP Engineer
7145,Management Trainee
2223,Senior ML/NLP Engineer
6882,Construction Manager
6282,Civil/Structural Engineer
4565,Management Trainee
5160,Software Engineer
6801,Machine Learning Engineer
2791,Management Trainee
6813,IT Systems Admin
7288,Construction Manager
1081,Digital Marketing Manager
4949,Data Engineer
3511,Maintenance Engineer
245,IT Support Engineer
7082,Senior ML/NLP Engineer
4729,iOS Developer
1266,Full Stack Developer
6933,Senior ML/NLP Engineer
8804,Bank Audit Officer
483,IT Support Engineer
8651,Construction Manager
9326,Apparel Sourcing Manager
4179,Internal Auditor
7285,Civil/Structural Engineer
7637,Apparel Sourcing Manager
7775,Mechanical Design Engineer
1132,VAT & Finance Officer
4543,Marketing Manager
6682,Senior ML/NLP Engineer
6287,Data Engineer
3169,VAT & Finance Officer
2907,Civil/Environmental Engineer
7529,iOS Developer
6241,HR Manager
3344,Internal Auditor
3340,Digital Marketing Manager
8170,Bank Audit Officer
1558,Network Engineer
1947,Digital Marketing Manager
6437,Digital Marketing Manager
9073,Construction Manager
6463,HR Manager
2648,Construction Manager
5164,IT Infrastructure Engineer
748,Network Engineer
431,Maintenance Engineer
3863,Internal Auditor
7464,Management Trainee
2138,DevOps Engineer
4866,Civil/Structural Engineer
475,AI & Deep Learning Engineer
870,Internal Auditor
2785,DevOps Engineer
5146,IT Support Engineer
6978,Bank Audit Officer
6056,Apparel Sourcing Manager
7206,Civil/Environmental Engineer
809,Bank Audit Officer
3140,Software Engineer
4245,Senior ML/NLP Engineer
7315,Civil/Environmental Engineer
371,IT Systems Admin
5955,DevOps Engineer
6060,Civil/Environmental Engineer
7815,Full Stack Developer
608,IT Systems Admin
6872,AI & Deep Learning Engineer
8485,IT Systems Admin
2808,Mechanical Design Engineer
4900,Mechanical Design Engineer
2893,Management Trainee
5180,Admin & Safety Officer
8721,VAT & Finance Officer
9136,Construction Manager
8358,Bank Audit Officer
883,IT Support Engineer
3977,Senior ML/NLP Engineer
8855,IT Systems Admin
6451,Admin & Safety Officer
6996,Maintenance Engineer
1441,AI & Deep Learning Engineer
6807,Apparel Sourcing Manager
2553,Bank Audit Officer
6483,Management Trainee
615,HR Manager
3803,Internal Auditor
5162,Admin & Safety Officer
1822,Database Administrator
1734,Senior ML/NLP Engineer
72,Apparel Sourcing Manager
4308,Network Engineer
9318,IT Systems Admin
7242,HR Manager
6854,IT Infrastructure Engineer
6257,Maintenance Engineer
3483,IT Support Engineer
7891,Maintenance Engineer
1084,DevOps Engineer
8460,Internal Auditor
7649,Digital Marketing Manager
2503,Marketing Manager
1225,Mechanical Design Engineer
4793,VAT & Finance Officer
7776,Software Engineer
1331,Civil/Structural Engineer
2908,Maintenance Engineer
6361,HR & Recruitment Specialist
4683,Civil/Structural Engineer
6758,Network Engineer
2759,Senior ML/NLP Engineer
7316,Bank Audit Officer
3128,Network Engineer
2827,Database Administrator
5376,Civil/Environmental Engineer
6817,iOS Developer
6949,Maintenance Engineer
6601,Internal Auditor
5322,Data Engineer
2117,Data Engineer
1925,Full Stack Developer
8627,Maintenance Engineer
243,HR Manager
3303,Admin & Safety Officer
507,IT Systems Admin
7704,Construction Manager
8900,Database Administrator
7364,DevOps Engineer
3432,Full Stack Developer
3986,Database Administrator
7027,Full Stack Developer
4013,VAT & Finance Officer
4717,HR Manager
4948,IT Systems Admin
4546,Apparel Sourcing Manager
5316,AI & Deep Learning Engineer
4312,Admin & Safety Officer
4447,Management Trainee
6548,Civil/Environmental Engineer
3533,Bank Audit Officer
5704,Network Engineer
1606,VAT & Finance Officer
5820,HR & Recruitment Specialist
3643,Civil/Structural Engineer
6379,HR & Recruitment Specialist
8898,Construction Manager
472,Internal Auditor
3789,Apparel Sourcing Manager
5738,Machine Learning Engineer
3233,Network Engineer
4506,Apparel Sourcing Manager
5343,IT Infrastructure Engineer
7199,VAT & Finance Officer
9199,AI & Deep Learning Engineer
9264,Apparel Sourcing Manager
729,Management Trainee
494,HR & Recruitment Specialist
3933,VAT & Finance Officer
9311,Construction Manager
4091,Civil/Environmental Engineer
9093,Bank Audit Officer
4288,Civil/Structural Engineer
8943,Data Engineer
1805,Management Trainee
885,HR & Recruitment Specialist
7049,Full Stack Developer
5303,Construction Manager
7154,Internal Auditor
8494,Digital Marketing Manager
233,Bank Audit Officer
3625,Machine Learning Engineer
3545,Machine Learning Engineer
6537,Bank Audit Officer
7224,Database Administrator
2595,VAT & Finance Officer
3154,iOS Developer
6107,Construction Manager
1981,Machine Learning Engineer
8233,Maintenance Engineer
42,Full Stack Developer
6411,HR Manager
1020,AI & Deep Learning Engineer
6729,Database Administrator
7648,Full Stack Developer
3944,Mechanical Design Engineer
7022,HR & Recruitment Specialist
3077,Civil/Environmental Engineer
1349,iOS Developer
7958,HR & Recruitment Specialist
1120,Senior ML/NLP Engineer
3063,Civil/Environmental Engineer
3294,Mechanical Design Engineer
4537,IT Infrastructure Engineer
2723,Digital Marketing Manager
6479,Admin & Safety Officer
8591,Marketing Manager
417,Construction Manager
8876,DevOps Engineer
6849,iOS Developer
4093,IT Systems Admin
2731,Senior ML/NLP Engineer
579,Civil/Structural Engineer
39,Machine Learning Engineer
4336,Internal Auditor
6481,IT Support Engineer
4583,AI & Deep Learning Engineer
8903,Marketing Manager
1463,Database Administrator
4435,iOS Developer
5338,HR & Recruitment Specialist
7930,Maintenance Engineer
6125,Construction Manager
2357,DevOps Engineer
4012,Full Stack Developer
4236,VAT & Finance Officer
8598,HR & Recruitment Specialist
2756,Construction Manager
2063,Civil/Structural Engineer
80,Marketing Manager
6368,VAT & Finance Officer
8153,Full Stack Developer
4692,VAT & Finance Officer
6893,Bank Audit Officer
3049,Admin & Safety Officer
5536,Digital Marketing Manager
6020,AI & Deep Learning Engineer
6464,Mechanical Design Engineer
2089,Data Engineer
3149,Senior ML/NLP Engineer
7625,Management Trainee
8006,HR Manager
1775,Internal Auditor
3009,Full Stack Developer
3210,Maintenance Engineer
1577,Data Engineer
1329,Machine Learning Engineer
8592,Senior ML/NLP Engineer
2504,VAT & Finance Officer
544,HR & Recruitment Specialist
4904,Digital Marketing Manager
1009,Full Stack Developer
7134,iOS Developer
7329,Mechanical Design Engineer
6086,VAT & Finance Officer
1627,Machine Learning Engineer
3589,Civil/Structural Engineer
459,Network Engineer
2684,IT Infrastructure Engineer
4326,Management Trainee
2468,Maintenance Engineer
7561,Digital Marketing Manager
3153,Apparel Sourcing Manager
8920,HR & Recruitment Specialist
1917,Database Administrator
2266,Software Engineer
3171,Management Trainee
7759,HR Manager
6214,IT Support Engineer
146,Software Engineer
3304,Software Engineer
3948,HR Manager
4921,VAT & Finance Officer
785,Database Administrator
7801,VAT & Finance Officer
4129,Full Stack Developer
1708,iOS Developer
2050,Machine Learning Engineer
5469,HR & Recruitment Specialist
1471,AI & Deep Learning Engineer
4675,IT Systems Admin
5307,Database Administrator
7714,IT Systems Admin
2003,Data Engineer
3879,AI & Deep Learning Engineer
5175,Data Engineer
4310,Marketing Manager
1555,IT Systems Admin
6606,Digital Marketing Manager
6261,Bank Audit Officer
6866,Digital Marketing Manager
7491,Construction Manager
2233,Internal Auditor
3678,Software Engineer
6616,Civil/Structural Engineer
7670,IT Infrastructure Engineer
2569,DevOps Engineer
2109,IT Support Engineer
2103,Software Engineer
6835,Data Engineer
7319,iOS Developer
1852,iOS Developer
7779,Database Administrator
3136,Full Stack Developer
2823,Digital Marketing Manager
7698,Civil/Environmental Engineer
5680,Management Trainee
6743,Marketing Manager
4340,Civil/Structural Engineer
1913,Full Stack Developer
3070,Management Trainee
7371,Digital Marketing Manager
5959,Senior ML/NLP Engineer
7906,Data Engineer
212,Marketing Manager
3606,Software Engineer
5693,Software Engineer
1188,Civil/Environmental Engineer
9173,DevOps Engineer
4712,Admin & Safety Officer
1237,iOS Developer
6429,Marketing Manager
1485,Mechanical Design Engineer
1306,Admin & Safety Officer
5586,Marketing Manager
1587,Marketing Manager
4533,Full Stack Developer
6267,IT Systems Admin
5476,Database Administrator
4521,Digital Marketing Manager
4230,Mechanical Design Engineer
6687,iOS Developer
8228,Maintenance Engineer
7129,Machine Learning Engineer
8564,Network Engineer
4407,AI & Deep Learning Engineer
3917,Software Engineer
290,Internal Auditor
299,HR Manager
1948,Software Engineer
5837,IT Infrastructure Engineer
1798,HR Manager
8872,Construction Manager
5802,Software Engineer
3554,Admin & Safety Officer
1208,Machine Learning Engineer
8638,Maintenance Engineer
4835,IT Infrastructure Engineer
599,Network Engineer
2305,Senior ML/NLP Engineer
7111,Machine Learning Engineer
8678,Bank Audit Officer
4699,Digital Marketing Manager
462,Management Trainee
1586,HR Manager
664,DevOps Engineer
1891,VAT & Finance Officer
6622,Management Trainee
6953,IT Support Engineer
7687,Senior ML/NLP Engineer
6805,Civil/Environmental Engineer
3558,Maintenance Engineer
9150,IT Support Engineer
235,Internal Auditor
4552,IT Systems Admin
7901,Data Engineer
5207,AI & Deep Learning Engineer
613,HR & Recruitment Specialist
6815,Management Trainee
2185,Senior ML/NLP Engineer
5454,Database Administrator
3011,Senior ML/NLP Engineer
6894,Apparel Sourcing Manager
7186,Machine Learning Engineer
7260,Senior ML/NLP Engineer
800,Data Engineer
8966,DevOps Engineer
7918,Software Engineer
8138,Machine Learning Engineer
2219,AI & Deep Learning Engineer
2917,Management Trainee
1071,Apparel Sourcing Manager
2525,iOS Developer
7334,Full Stack Developer
6799,Mechanical Design Engineer
841,Civil/Environmental Engineer
5876,iOS Developer
6602,DevOps Engineer
8882,HR & Recruitment Specialist
5194,iOS Developer
1744,iOS Developer
4840,Civil/Structural Engineer
8016,Senior ML/NLP Engineer
867,AI & Deep Learning Engineer
3141,AI & Deep Learning Engineer
6768,Mechanical Design Engineer
4755,Digital Marketing Manager
1276,Construction Manager
1778,IT Infrastructure Engineer
2542,IT Systems Admin
446,IT Systems Admin
9323,Bank Audit Officer
8318,Civil/Environmental Engineer
2231,IT Systems Admin
2544,VAT & Finance Officer
4431,Software Engineer
2887,IT Infrastructure Engineer
1400,IT Support Engineer
2749,Software Engineer
8361,HR Manager
7057,Bank Audit Officer
410,IT Support Engineer
4141,Senior ML/NLP Engineer
7858,HR & Recruitment Specialist
1007,Digital Marketing Manager
4021,IT Systems Admin
2934,Internal Auditor
8603,IT Support Engineer
8645,VAT & Finance Officer
4574,Software Engineer
6750,Construction Manager
9145,IT Infrastructure Engineer
7490,Network Engineer
5954,VAT & Finance Officer
7125,Apparel Sourcing Manager
7395,Internal Auditor
2180,Marketing Manager
4784,Database Administrator
6529,Data Engineer
3586,Apparel Sourcing Manager
3995,IT Systems Admin
6279,Internal Auditor
7054,IT Support Engineer
7062,Machine Learning Engineer
2712,Apparel Sourcing Manager
525,DevOps Engineer
2831,Mechanical Design Engineer
8386,Bank Audit Officer
8553,Software Engineer
8433,Civil/Structural Engineer
7808,HR & Recruitment Specialist
4278,AI & Deep Learning Engineer
3767,Marketing Manager
4774,Database Administrator
3665,Management Trainee
1310,Management Trainee
5701,IT Systems Admin
5445,AI & Deep Learning Engineer
4331,Mechanical Design Engineer
4473,DevOps Engineer
4088,Bank Audit Officer
2649,Maintenance Engineer
6979,Marketing Manager
2141,IT Support Engineer
8619,Civil/Structural Engineer
3259,Software Engineer
7993,Machine Learning Engineer
287,Apparel Sourcing Manager
8206,Admin & Safety Officer
1857,Civil/Environmental Engineer
6583,Data Engineer
6612,Internal Auditor
3575,Mechanical Design Engineer
9336,VAT & Finance Officer
3486,Senior ML/NLP Engineer
837,IT Infrastructure Engineer
5745,Bank Audit Officer
4005,VAT & Finance Officer
8052,Admin & Safety Officer
3814,Full Stack Developer
4039,Management Trainee
9324,Mechanical Design Engineer
3420,Digital Marketing Manager
647,Apparel Sourcing Manager
7890,Construction Manager
4159,Senior ML/NLP Engineer
1522,Internal Auditor
1039,iOS Developer
5290,IT Support Engineer
3787,Apparel Sourcing Manager
1920,Mechanical Design Engineer
9273,Construction Manager
1554,Senior ML/NLP Engineer
5339,Admin & Safety Officer
4104,HR & Recruitment Specialist
5334,Senior ML/NLP Engineer
8652,IT Systems Admin
1814,Full Stack Developer
8426,Mechanical Design Engineer
4369,Management Trainee
3027,iOS Developer
8939,Digital Marketing Manager
5067,iOS Developer
9017,HR & Recruitment Specialist
5218,Apparel Sourcing Manager
4420,Marketing Manager
7963,iOS Developer
437,iOS Developer
4935,Marketing Manager
3599,Senior ML/NLP Engineer
1588,Marketing Manager
7044,IT Systems Admin
3693,Data Engineer
2208,Internal Auditor
3402,Civil/Environmental Engineer
4185,Full Stack Developer
6149,IT Systems Admin
3556,Software Engineer
2915,Civil/Environmental Engineer
5908,iOS Developer
9347,Civil/Structural Engineer
2963,Machine Learning Engineer
2172,DevOps Engineer
7139,Mechanical Design Engineer
7067,Civil/Structural Engineer
9253,HR & Recruitment Specialist
7569,Apparel Sourcing Manager
2501,Network Engineer
4274,IT Support Engineer
7264,Full Stack Developer
7484,HR Manager
564,Bank Audit Officer
2236,Admin & Safety Officer
8818,Machine Learning Engineer
2380,HR Manager
5500,Civil/Structural Engineer
5498,Mechanical Design Engineer
6024,Maintenance Engineer
6167,Data Engineer
3405,Machine Learning Engineer
3129,HR Manager
6171,iOS Developer
318,Admin & Safety Officer
1616,Digital Marketing Manager
723,Marketing Manager
629,Digital Marketing Manager
4735,Network Engineer
3214,DevOps Engineer
1066,Apparel Sourcing Manager
5940,Data Engineer
2163,Database Administrator
4304,Software Engineer
8463,Mechanical Design Engineer
4099,Software Engineer
7681,HR & Recruitment Specialist
4454,Maintenance Engineer
2145,Mechanical Design Engineer
3931,Senior ML/NLP Engineer
1166,VAT & Finance Officer
7353,VAT & Finance Officer
3739,Civil/Environmental Engineer
563,Data Engineer
5040,HR & Recruitment Specialist
70,Full Stack Developer
3364,Network Engineer
1068,IT Infrastructure Engineer
7051,Civil/Environmental Engineer
3749,Senior ML/NLP Engineer
3979,Management Trainee
2688,Mechanical Design Engineer
5142,Machine Learning Engineer
6667,Apparel Sourcing Manager
8163,HR & Recruitment Specialist
6577,Admin & Safety Officer
2389,Admin & Safety Officer
7280,Network Engineer
5002,IT Systems Admin
1192,Civil/Environmental Engineer
3075,Bank Audit Officer
4782,Senior ML/NLP Engineer
7530,AI & Deep Learning Engineer
2632,Internal Auditor
392,Maintenance Engineer
3548,HR & Recruitment Specialist
2851,VAT & Finance Officer
2130,Bank Audit Officer
5296,Data Engineer
8807,Digital Marketing Manager
983,Marketing Manager
1906,Internal Auditor
8010,Admin & Safety Officer
5179,iOS Developer
6603,HR & Recruitment Specialist
370,AI & Deep Learning Engineer
2324,IT Support Engineer
4911,iOS Developer
8402,Management Trainee
8891,IT Support Engineer
958,Data Engineer
4046,HR & Recruitment Specialist
3723,iOS Developer
1194,DevOps Engineer
3044,Mechanical Design Engineer
6770,Mechanical Design Engineer
8461,Machine Learning Engineer
6043,Senior ML/NLP Engineer
3662,AI & Deep Learning Engineer
7114,Mechanical Design Engineer
5229,Senior ML/NLP Engineer
6132,Bank Audit Officer
7228,Data Engineer
6797,Database Administrator
1600,HR Manager
6830,IT Infrastructure Engineer
1079,HR & Recruitment Specialist
8505,Machine Learning Engineer
2920,IT Infrastructure Engineer
8730,Data Engineer
7465,Marketing Manager
6493,Network Engineer
1633,Network Engineer
3118,HR & Recruitment Specialist
4353,Full Stack Developer
8009,Machine Learning Engineer
5757,Construction Manager
7559,Internal Auditor
6254,Marketing Manager
3661,iOS Developer
5017,Senior ML/NLP Engineer
7515,Internal Auditor
1396,Maintenance Engineer
1754,IT Infrastructure Engineer
2175,Network Engineer
1082,HR Manager
7544,Software Engineer
52,DevOps Engineer
6258,IT Systems Admin
6432,Full Stack Developer
5161,Internal Auditor
1065,IT Systems Admin
8631,Database Administrator
8696,VAT & Finance Officer
6127,Software Engineer
7523,Senior ML/NLP Engineer
6135,IT Support Engineer
2550,Mechanical Design Engineer
2465,Construction Manager
2147,Digital Marketing Manager
9231,Management Trainee
1154,Apparel Sourcing Manager
7252,Senior ML/NLP Engineer
1252,Software Engineer
7668,Marketing Manager
863,Apparel Sourcing Manager
5224,IT Support Engineer
3319,HR Manager
7148,Management Trainee
8094,Civil/Environmental Engineer
2651,Maintenance Engineer
2123,HR & Recruitment Specialist
8457,Civil/Structural Engineer
3735,Software Engineer
2299,Machine Learning Engineer
6396,HR & Recruitment Specialist
3981,Bank Audit Officer
6840,IT Infrastructure Engineer
2315,Machine Learning Engineer
1299,Admin & Safety Officer
8711,Civil/Structural Engineer
7431,IT Infrastructure Engineer
3108,Internal Auditor
1856,Digital Marketing Manager
5799,IT Support Engineer
2577,Software Engineer
7472,Database Administrator
3965,Data Engineer
8334,DevOps Engineer
8491,Civil/Environmental Engineer
2660,DevOps Engineer
8559,Construction Manager
7321,Digital Marketing Manager
3508,Database Administrator
1412,Network Engineer
8824,iOS Developer
2769,Mechanical Design Engineer
9163,Apparel Sourcing Manager
2706,AI & Deep Learning Engineer
9066,AI & Deep Learning Engineer
1109,IT Systems Admin
5420,Full Stack Developer
5616,Management Trainee
8029,Maintenance Engineer
8516,Bank Audit Officer
5174,Internal Auditor
3592,IT Support Engineer
607,HR Manager
9196,IT Infrastructure Engineer
679,Digital Marketing Manager
7567,IT Systems Admin
9194,Construction Manager
8608,IT Infrastructure Engineer
6404,iOS Developer
458,Maintenance Engineer
3165,AI & Deep Learning Engineer
6342,HR Manager
2629,Management Trainee
8526,Digital Marketing Manager
3503,Full Stack Developer
5771,iOS Developer
8628,AI & Deep Learning Engineer
1147,Digital Marketing Manager
6640,Network Engineer
149,AI & Deep Learning Engineer
5422,Network Engineer
3724,Civil/Environmental Engineer
1612,Civil/Environmental Engineer
4598,Admin & Safety Officer
36,Machine Learning Engineer
3131,IT Systems Admin
2019,Full Stack Developer
2388,Digital Marketing Manager
2142,iOS Developer
8532,IT Support Engineer
5733,HR Manager
3703,HR Manager
8464,HR Manager
6195,Mechanical Design Engineer
7772,IT Infrastructure Engineer
7910,HR & Recruitment Specialist
1118,IT Support Engineer
393,Software Engineer
3752,Mechanical Design Engineer
8877,IT Infrastructure Engineer
7392,Machine Learning Engineer
2692,AI & Deep Learning Engineer
5004,Database Administrator
8570,HR Manager
6227,HR & Recruitment Specialist
8708,Admin & Safety Officer
3100,Data Engineer
6314,HR & Recruitment Specialist
8352,Internal Auditor
5878,iOS Developer
74,Senior ML/NLP Engineer
8356,Full Stack Developer
7547,Civil/Environmental Engineer
3805,Data Engineer
311,Software Engineer
4959,Internal Auditor
4133,AI & Deep Learning Engineer
2773,Data Engineer
8382,VAT & Finance Officer
7617,Civil/Environmental Engineer
9237,Software Engineer
9147,HR Manager
2418,Admin & Safety Officer
13,Mechanical Design Engineer
7613,IT Support Engineer
7135,Mechanical Design Engineer
3091,IT Infrastructure Engineer
1519,HR Manager
3421,Construction Manager
4311,Internal Auditor
8370,Management Trainee
84,Bank Audit Officer
6942,Full Stack Developer
4124,Database Administrator
4137,Marketing Manager
5580,Full Stack Developer
5725,Machine Learning Engineer
4227,HR & Recruitment Specialist
6609,Marketing Manager
6977,Network Engineer
4978,Digital Marketing Manager
306,Network Engineer
2828,Data Engineer
8160,Digital Marketing Manager
4101,Apparel Sourcing Manager
5493,Software Engineer
2072,HR & Recruitment Specialist
5425,Senior ML/NLP Engineer
487,Admin & Safety Officer
3627,Civil/Environmental Engineer
2052,Admin & Safety Officer
9238,Marketing Manager
2095,Construction Manager
5039,Construction Manager
7337,Civil/Environmental Engineer
1251,Bank Audit Officer
6218,Apparel Sourcing Manager
7463,Data Engineer
2864,IT Support Engineer
3435,Machine Learning Engineer
7773,DevOps Engineer
3472,Admin & Safety Officer
8548,Admin & Safety Officer
289,Apparel Sourcing Manager
6422,IT Infrastructure Engineer
8155,Digital Marketing Manager
2531,Senior ML/NLP Engineer
7483,IT Systems Admin
5900,Network Engineer
4296,Civil/Environmental Engineer
2093,Internal Auditor
8931,Machine Learning Engineer
3493,Senior ML/NLP Engineer
6749,iOS Developer
6669,Management Trainee
3051,Civil/Structural Engineer
1158,DevOps Engineer
4960,VAT & Finance Officer
3348,Digital Marketing Manager
5712,Management Trainee
1667,iOS Developer
4202,Admin & Safety Officer
9062,IT Support Engineer
8613,Civil/Structural Engineer
5571,IT Infrastructure Engineer
6297,Apparel Sourcing Manager
6623,AI & Deep Learning Engineer
8024,HR & Recruitment Specialist
3601,IT Systems Admin
4538,Internal Auditor
551,Senior ML/NLP Engineer
7207,Civil/Environmental Engineer
5685,Maintenance Engineer
4156,Civil/Environmental Engineer
4135,Data Engineer
828,IT Support Engineer
5038,Marketing Manager
2857,Marketing Manager
580,IT Infrastructure Engineer
99,Software Engineer
1113,Data Engineer
1284,Digital Marketing Manager
2393,Internal Auditor
439,IT Systems Admin
6683,Construction Manager
9110,Civil/Environmental Engineer
4110,Database Administrator
4154,HR & Recruitment Specialist
8289,Network Engineer
2335,IT Systems Admin
8156,Digital Marketing Manager
4669,Software Engineer
1369,Digital Marketing Manager
4381,HR Manager
2100,Digital Marketing Manager
8787,Civil/Structural Engineer
2960,HR & Recruitment Specialist
7048,Management Trainee
6189,Internal Auditor
7115,DevOps Engineer
8310,Software Engineer
3479,Apparel Sourcing Manager
5044,HR & Recruitment Specialist
1100,IT Support Engineer
5416,Bank Audit Officer
54,Apparel Sourcing Manager
2780,Software Engineer
7147,AI & Deep Learning Engineer
6568,Software Engineer
5135,VAT & Finance Officer
7991,Senior ML/NLP Engineer
1668,Civil/Environmental Engineer
3893,Digital Marketing Manager
3267,Construction Manager
5407,Digital Marketing Manager
495,Full Stack Developer
6892,Maintenance Engineer
7459,Marketing Manager
4867,HR Manager
5860,Machine Learning Engineer
2381,Software Engineer
6137,IT Support Engineer
3079,Software Engineer
658,HR Manager
3327,Marketing Manager
4024,Database Administrator
2049,Bank Audit Officer
8302,IT Support Engineer
3200,Machine Learning Engineer
2173,Apparel Sourcing Manager
3290,Management Trainee
6405,IT Infrastructure Engineer
2288,Civil/Structural Engineer
1143,Bank Audit Officer
7982,VAT & Finance Officer
7750,HR Manager
5462,Digital Marketing Manager
470,Digital Marketing Manager
7587,Senior ML/NLP Engineer
2437,Full Stack Developer
8634,DevOps Engineer
6182,AI & Deep Learning Engineer
2739,Admin & Safety Officer
6263,Senior ML/NLP Engineer
6377,HR Manager
2039,Mechanical Design Engineer
2839,IT Infrastructure Engineer
6948,Senior ML/NLP Engineer
3815,HR Manager
5935,Software Engineer
3690,IT Systems Admin
7644,HR & Recruitment Specialist
136,Civil/Structural Engineer
1688,Digital Marketing Manager
2928,Construction Manager
6421,Full Stack Developer
7979,HR Manager
7800,Bank Audit Officer
2730,Internal Auditor
6998,IT Infrastructure Engineer
9234,Data Engineer
2997,Civil/Environmental Engineer
6200,Senior ML/NLP Engineer
8694,IT Support Engineer
2429,Construction Manager
7017,VAT & Finance Officer
9230,Digital Marketing Manager
1051,Bank Audit Officer
4255,Software Engineer
3308,AI & Deep Learning Engineer
7725,Internal Auditor
8219,AI & Deep Learning Engineer
8630,Marketing Manager
6051,DevOps Engineer
186,VAT & Finance Officer
3864,Senior ML/NLP Engineer
9131,Full Stack Developer
9339,iOS Developer
103,Internal Auditor
6366,HR & Recruitment Specialist
1531,Software Engineer
2032,iOS Developer
2819,Software Engineer
4660,Marketing Manager
8007,Apparel Sourcing Manager
5638,Civil/Environmental Engineer
3868,IT Support Engineer
7960,DevOps Engineer
3806,DevOps Engineer
4961,AI & Deep Learning Engineer
1210,Construction Manager
6862,Data Engineer
8990,Database Administrator
1119,Senior ML/NLP Engineer
8468,DevOps Engineer
7861,Internal Auditor
6944,DevOps Engineer
7046,DevOps Engineer
1728,Database Administrator
7169,DevOps Engineer
3782,HR & Recruitment Specialist
3871,Software Engineer
8549,HR & Recruitment Specialist
32,Marketing Manager
8792,Machine Learning Engineer
4763,Apparel Sourcing Manager
8732,DevOps Engineer
2886,Senior ML/NLP Engineer
9144,Civil/Environmental Engineer
4393,Internal Auditor
2926,Bank Audit Officer
1265,VAT & Finance Officer
5632,AI & Deep Learning Engineer
5005,Maintenance Engineer
7100,IT Infrastructure Engineer
477,Maintenance Engineer
1858,HR & Recruitment Specialist
105,Bank Audit Officer
4645,IT Support Engineer
7058,Full Stack Developer
7192,Database Administrator
2939,Full Stack Developer
4065,Management Trainee
2726,Database Administrator
4164,Full Stack Developer
1757,Data Engineer
309,Maintenance Engineer
3468,IT Support Engineer
6185,DevOps Engineer
7973,Machine Learning Engineer
5807,Mechanical Design Engineer
3005,Marketing Manager
7663,IT Infrastructure Engineer
1546,Bank Audit Officer
7398,Maintenance Engineer
4666,Database Administrator
941,Database Administrator
9063,HR & Recruitment Specialist
1676,iOS Developer
4476,Network Engineer
5159,Civil/Environmental Engineer
3372,HR Manager
8164,Full Stack Developer
5225,Internal Auditor
5426,Apparel Sourcing Manager
25,Maintenance Engineer
1415,Digital Marketing Manager
4696,DevOps Engineer
1406,Network Engineer
8866,Apparel Sourcing Manager
9106,Digital Marketing Manager
5058,Network Engineer
197,Database Administrator
8263,Management Trainee
5958,Network Engineer
5859,AI & Deep Learning Engineer
142,Data Engineer
2911,Full Stack Developer
9033,DevOps Engineer
2579,Data Engineer
2082,DevOps Engineer
6523,Full Stack Developer
4946,Admin & Safety Officer
6919,Admin & Safety Officer
4568,Senior ML/NLP Engineer
1941,HR Manager
4347,DevOps Engineer
5624,iOS Developer
5758,Internal Auditor
5195,HR & Recruitment Specialist
7957,Software Engineer
6456,Internal Auditor
3816,Internal Auditor
4109,AI & Deep Learning Engineer
9113,HR & Recruitment Specialist
9075,AI & Deep Learning Engineer
9334,Full Stack Developer
9076,Network Engineer
7955,HR Manager
9138,Full Stack Developer
4155,Mechanical Design Engineer
5851,Database Administrator
896,Mechanical Design Engineer
6425,Bank Audit Officer
187,HR Manager
8944,Machine Learning Engineer
3356,Apparel Sourcing Manager
7528,HR & Recruitment Specialist
3261,Digital Marketing Manager
6952,iOS Developer
4896,Database Administrator
3125,Maintenance Engineer
3706,Network Engineer
7124,Marketing Manager
1274,Software Engineer
7550,Digital Marketing Manager
2318,Digital Marketing Manager
5614,iOS Developer
1674,Admin & Safety Officer
394,Management Trainee
4319,Database Administrator
5904,Data Engineer
5884,HR & Recruitment Specialist
1916,Civil/Structural Engineer
8031,VAT & Finance Officer
7234,DevOps Engineer
7209,Bank Audit Officer
7080,AI & Deep Learning Engineer
696,Management Trainee
6744,Internal Auditor
3262,Marketing Manager
1854,Full Stack Developer
2740,IT Infrastructure Engineer
8705,AI & Deep Learning Engineer
4203,Marketing Manager
2228,Senior ML/NLP Engineer
3646,IT Infrastructure Engineer
1392,Marketing Manager
5401,Full Stack Developer
1681,IT Systems Admin
4368,Digital Marketing Manager
7731,Mechanical Design Engineer
3720,Apparel Sourcing Manager
512,IT Support Engineer
5775,HR Manager
4463,Construction Manager
6888,Machine Learning Engineer
814,Admin & Safety Officer
3055,HR & Recruitment Specialist
4161,Management Trainee
3273,Maintenance Engineer
339,Civil/Environmental Engineer
9214,Software Engineer
5746,iOS Developer
1956,Maintenance Engineer
5508,iOS Developer
4417,Mechanical Design Engineer
7104,Civil/Environmental Engineer
7106,DevOps Engineer
5674,Machine Learning Engineer
1153,HR Manager
6477,Internal Auditor
2420,Construction Manager
549,HR & Recruitment Specialist
1419,Civil/Environmental Engineer
9193,HR Manager
3898,Software Engineer
5423,Construction Manager
1108,Apparel Sourcing Manager
2044,Full Stack Developer
7585,IT Infrastructure Engineer
4734,HR Manager
3330,Civil/Structural Engineer
5724,Apparel Sourcing Manager
6580,Construction Manager
2368,Bank Audit Officer
4261,Full Stack Developer
4745,Full Stack Developer
2605,Digital Marketing Manager
7183,Apparel Sourcing Manager
2067,AI & Deep Learning Engineer
3909,Database Administrator
1437,IT Systems Admin
2137,Marketing Manager
1905,Bank Audit Officer
822,DevOps Engineer
5527,Digital Marketing Manager
7885,iOS Developer
3705,IT Systems Admin
3115,Software Engineer
1700,Marketing Manager
1204,Civil/Environmental Engineer
3522,IT Support Engineer
2265,Admin & Safety Officer
5263,IT Systems Admin
9011,Software Engineer
7030,Construction Manager
7785,Data Engineer
2313,Data Engineer
5925,IT Infrastructure Engineer
4827,AI & Deep Learning Engineer
1718,HR Manager
7593,Data Engineer
2104,Apparel Sourcing Manager
7777,HR & Recruitment Specialist
3241,IT Support Engineer
6322,Data Engineer
747,Civil/Structural Engineer
6028,Network Engineer
7812,iOS Developer
505,Data Engineer
2461,AI & Deep Learning Engineer
4273,AI & Deep Learning Engineer
8408,Apparel Sourcing Manager
9156,Machine Learning Engineer
7854,DevOps Engineer
6354,Civil/Environmental Engineer
1957,Network Engineer
7713,Internal Auditor
6158,Civil/Environmental Engineer
2440,Full Stack Developer
1903,IT Infrastructure Engineer
8923,HR Manager
4706,VAT & Finance Officer
3523,Database Administrator
3085,Data Engineer
3664,Digital Marketing Manager
7914,Digital Marketing Manager
5255,HR Manager
700,IT Support Engineer
6003,HR & Recruitment Specialist
2295,Network Engineer
6604,Marketing Manager
7535,Mechanical Design Engineer
7038,Construction Manager
782,IT Support Engineer
2643,HR & Recruitment Specialist
4500,Construction Manager
7373,Maintenance Engineer
6890,Civil/Environmental Engineer
6664,Digital Marketing Manager
8210,Bank Audit Officer
429,Bank Audit Officer
4551,Full Stack Developer
6563,Mechanical Design Engineer
1561,Marketing Manager
7409,HR & Recruitment Specialist
3925,HR & Recruitment Specialist
6433,iOS Developer
2929,HR & Recruitment Specialist
7065,Civil/Structural Engineer
452,Senior ML/NLP Engineer
1305,Civil/Structural Engineer
6968,Management Trainee
7402,IT Infrastructure Engineer
5506,Marketing Manager
7397,IT Support Engineer
4143,VAT & Finance Officer
7294,HR & Recruitment Specialist
3320,Maintenance Engineer
436,Marketing Manager
1899,Database Administrator
5822,Civil/Environmental Engineer
6065,Senior ML/NLP Engineer
1024,Network Engineer
2404,AI & Deep Learning Engineer
1880,IT Infrastructure Engineer
353,Apparel Sourcing Manager
5619,HR Manager
4853,Machine Learning Engineer
1279,Digital Marketing Manager
6714,Maintenance Engineer
7467,Data Engineer
6769,DevOps Engineer
569,Management Trainee
2252,IT Support Engineer
5770,HR Manager
8727,VAT & Finance Officer
242,Software Engineer
6129,Admin & Safety Officer
3904,Software Engineer
5794,HR Manager
8795,HR Manager
9151,Software Engineer
2833,IT Support Engineer
4718,Data Engineer
8693,Maintenance Engineer
5731,Machine Learning Engineer
4922,Construction Manager
2349,Full Stack Developer
8259,Maintenance Engineer
73,Senior ML/NLP Engineer
313,IT Systems Admin
2844,Senior ML/NLP Engineer
3117,Mechanical Design Engineer
1205,Mechanical Design Engineer
2213,Management Trainee
5611,Full Stack Developer
7015,Network Engineer
5830,Marketing Manager
3105,DevOps Engineer
7305,DevOps Engineer
5098,Internal Auditor
4716,Software Engineer
2852,Marketing Manager
7346,VAT & Finance Officer
8695,IT Infrastructure Engineer
8600,IT Infrastructure Engineer
3134,Bank Audit Officer
4759,HR & Recruitment Specialist
2240,Digital Marketing Manager
5026,Civil/Structural Engineer
5949,Data Engineer
7778,IT Infrastructure Engineer
330,VAT & Finance Officer
5947,Internal Auditor
2681,Admin & Safety Officer
2777,Maintenance Engineer
7819,Data Engineer
4813,Senior ML/NLP Engineer
6581,Machine Learning Engineer
9286,Maintenance Engineer
2008,Network Engineer
1345,HR & Recruitment Specialist
2413,Machine Learning Engineer
5011,Marketing Manager
1594,IT Support Engineer
9344,Data Engineer
9107,Civil/Structural Engineer
2294,AI & Deep Learning Engineer
740,Admin & Safety Officer
7324,Data Engineer
5379,IT Support Engineer
6586,IT Systems Admin
6659,Database Administrator
4052,Bank Audit Officer
8332,Maintenance Engineer
6234,Network Engineer
8378,IT Infrastructure Engineer
3717,iOS Developer
792,DevOps Engineer
8586,Full Stack Developer
6447,Mechanical Design Engineer
1617,Marketing Manager
4889,Network Engineer
5452,Bank Audit Officer
2789,Apparel Sourcing Manager
8946,Mechanical Design Engineer
8444,iOS Developer
8186,IT Systems Admin
1190,HR Manager
4045,Database Administrator
707,Mechanical Design Engineer
3072,Machine Learning Engineer
1514,IT Systems Admin
4314,Machine Learning Engineer
6760,Software Engineer
1647,IT Support Engineer
5941,Management Trainee
222,Network Engineer
4113,Maintenance Engineer
8554,Machine Learning Engineer
2593,Management Trainee
5250,Mechanical Design Engineer
1462,Bank Audit Officer
2883,IT Infrastructure Engineer
4643,Maintenance Engineer
7066,Construction Manager
205,Maintenance Engineer
3029,Full Stack Developer
1067,HR & Recruitment Specialist
5327,Machine Learning Engineer
6774,Bank Audit Officer
8247,Mechanical Design Engineer
1434,Full Stack Developer
7468,iOS Developer
1458,Network Engineer
391,Data Engineer
4663,VAT & Finance Officer
224,Digital Marketing Manager
1315,iOS Developer
7855,Database Administrator
4429,IT Support Engineer
7796,Internal Auditor
820,Network Engineer
582,Civil/Structural Engineer
1830,Apparel Sourcing Manager
3328,VAT & Finance Officer
8166,Construction Manager
9141,Civil/Environmental Engineer
4280,Data Engineer
6626,Digital Marketing Manager
2826,DevOps Engineer
6533,Civil/Structural Engineer
5246,Civil/Environmental Engineer
3331,iOS Developer
1184,Digital Marketing Manager
2990,Machine Learning Engineer
2996,Civil/Structural Engineer
8323,HR Manager
8011,Management Trainee
6792,Admin & Safety Officer
2,Marketing Manager
5872,Machine Learning Engineer
4994,iOS Developer
227,VAT & Finance Officer
2042,Mechanical Design Engineer
2226,IT Systems Admin
6610,Digital Marketing Manager
7912,Civil/Structural Engineer
8025,Network Engineer
4254,Network Engineer
7396,IT Systems Admin
3631,Full Stack Developer
7440,Admin & Safety Officer
7193,Management Trainee
5016,AI & Deep Learning Engineer
7096,Marketing Manager
6292,VAT & Finance Officer
3963,Internal Auditor
7286,Internal Auditor
3368,AI & Deep Learning Engineer
7201,Database Administrator
3198,Apparel Sourcing Manager
6473,Management Trainee
1986,IT Infrastructure Engineer
6895,Management Trainee
8665,Machine Learning Engineer
9182,Digital Marketing Manager
8366,HR Manager
158,IT Infrastructure Engineer
7747,iOS Developer
4474,Civil/Structural Engineer
2876,Civil/Structural Engineer
6765,Admin & Safety Officer
9032,HR & Recruitment Specialist
9248,iOS Developer
3209,IT Infrastructure Engineer
6643,IT Systems Admin
6203,Machine Learning Engineer
712,HR Manager
6719,IT Support Engineer
8778,Bank Audit Officer
2090,Civil/Structural Engineer
6466,VAT & Finance Officer
9195,Machine Learning Engineer
4785,IT Systems Admin
537,AI & Deep Learning Engineer
5972,Mechanical Design Engineer
9288,Apparel Sourcing Manager
6938,Data Engineer
5838,Bank Audit Officer
322,Maintenance Engineer
8411,Network Engineer
7689,Machine Learning Engineer
2234,DevOps Engineer
6543,Admin & Safety Officer
7509,Software Engineer
4744,Apparel Sourcing Manager
8436,iOS Developer
3943,Marketing Manager
1806,Mechanical Design Engineer
8032,HR Manager
7629,Civil/Structural Engineer
4616,HR & Recruitment Specialist
2084,Digital Marketing Manager
3391,IT Systems Admin
3095,AI & Deep Learning Engineer
7553,HR Manager
8867,Network Engineer
6310,IT Infrastructure Engineer
5575,Digital Marketing Manager
9301,Machine Learning Engineer
4631,Admin & Safety Officer
9125,Construction Manager
4515,IT Systems Admin
847,Database Administrator
6816,Software Engineer
2918,HR Manager
171,Maintenance Engineer
4526,IT Systems Admin
432,IT Systems Admin
6963,DevOps Engineer
3012,Network Engineer
968,Apparel Sourcing Manager
2708,Internal Auditor
3588,Network Engineer
1357,Civil/Environmental Engineer
4876,Civil/Environmental Engineer
6798,Marketing Manager
1533,Bank Audit Officer
4798,Bank Audit Officer
3945,Maintenance Engineer
3081,Apparel Sourcing Manager
4279,Machine Learning Engineer
1468,Construction Manager
5201,Data Engineer
706,Internal Auditor
4710,Machine Learning Engineer
1152,Maintenance Engineer
7522,Bank Audit Officer
399,Management Trainee
3734,Mechanical Design Engineer
9225,Management Trainee
3059,Marketing Manager
2493,iOS Developer
481,VAT & Finance Officer
2652,Database Administrator
8725,Software Engineer
6408,Mechanical Design Engineer
7518,Civil/Structural Engineer
256,HR & Recruitment Specialist
886,Civil/Structural Engineer
610,Construction Manager
6470,Data Engineer
6143,Construction Manager
4507,HR & Recruitment Specialist
531,Network Engineer
5271,Marketing Manager
3383,IT Systems Admin
2277,Construction Manager
8823,IT Infrastructure Engineer
7190,Marketing Manager
7128,Civil/Structural Engineer
7659,Software Engineer
6936,Internal Auditor
343,Bank Audit Officer
6672,IT Support Engineer
1566,Maintenance Engineer
2784,Senior ML/NLP Engineer
7023,Management Trainee
7197,Civil/Environmental Engineer
2765,AI & Deep Learning Engineer
8339,Apparel Sourcing Manager
8340,Civil/Structural Engineer
4591,Full Stack Developer
3578,Civil/Structural Engineer
673,Civil/Environmental Engineer
6594,Senior ML/NLP Engineer
9283,Admin & Safety Officer
1304,IT Systems Admin
3743,IT Infrastructure Engineer
6886,DevOps Engineer
331,Apparel Sourcing Manager
8337,HR Manager
9259,Data Engineer
5645,Database Administrator
12,Senior ML/NLP Engineer
4595,Mechanical Design Engineer
3795,Admin & Safety Officer
3570,Civil/Structural Engineer
6745,Bank Audit Officer
3175,Senior ML/NLP Engineer
5913,IT Support Engineer
4302,Mechanical Design Engineer
6608,Internal Auditor
3462,Internal Auditor
2604,Apparel Sourcing Manager
1004,Senior ML/NLP Engineer
4337,Internal Auditor
350,Database Administrator
4219,Software Engineer
9001,HR & Recruitment Specialist
5125,iOS Developer
3667,Senior ML/NLP Engineer
4484,Marketing Manager
2291,VAT & Finance Officer
5092,Digital Marketing Manager
4811,AI & Deep Learning Engineer
4126,Internal Auditor
3866,Civil/Environmental Engineer
2425,Mechanical Design Engineer
3882,iOS Developer
6169,HR Manager
3860,Full Stack Developer
4998,AI & Deep Learning Engineer
4411,Maintenance Engineer
66,VAT & Finance Officer
911,HR & Recruitment Specialist
2821,Software Engineer
3101,AI & Deep Learning Engineer
908,Construction Manager
5839,Civil/Environmental Engineer
6035,Admin & Safety Officer
8957,HR Manager
5440,Construction Manager
6016,Civil/Structural Engineer
188,Digital Marketing Manager
2724,Apparel Sourcing Manager
7202,Machine Learning Engineer
7325,Construction Manager
2024,VAT & Finance Officer
3071,Admin & Safety Officer
6746,Construction Manager
2034,Civil/Structural Engineer
3543,HR & Recruitment Specialist
2207,DevOps Engineer
2515,Management Trainee
2092,Database Administrator
6887,Construction Manager
3411,HR & Recruitment Specialist
671,Apparel Sourcing Manager
4930,Bank Audit Officer
8774,Construction Manager
5785,Civil/Environmental Engineer
7093,Data Engineer
906,HR Manager
5243,Management Trainee
320,Software Engineer
4266,VAT & Finance Officer
6100,Internal Auditor
6259,Marketing Manager
5446,Network Engineer
5418,AI & Deep Learning Engineer
5136,Civil/Structural Engineer
8930,HR Manager
7177,Machine Learning Engineer
2350,Admin & Safety Officer
3050,Apparel Sourcing Manager
7540,IT Support Engineer
5809,iOS Developer
1074,iOS Developer
2043,Apparel Sourcing Manager
6692,HR & Recruitment Specialist
1795,Apparel Sourcing Manager
8303,Admin & Safety Officer
6078,Maintenance Engineer
7407,Senior ML/NLP Engineer
2297,HR Manager
3953,Management Trainee
1263,Software Engineer
8932,Bank Audit Officer
2239,Senior ML/NLP Engineer
1430,HR Manager
716,Internal Auditor
9042,Internal Auditor
3185,AI & Deep Learning Engineer
4743,HR & Recruitment Specialist
9209,Civil/Structural Engineer
3580,Machine Learning Engineer
5832,Senior ML/NLP Engineer
8612,HR Manager
8571,Civil/Environmental Engineer
5285,HR Manager
1881,Admin & Safety Officer
4122,Civil/Structural Engineer
1769,Construction Manager
4132,Data Engineer
2026,iOS Developer
2556,Database Administrator
7216,DevOps Engineer
7236,Mechanical Design Engineer
5492,Civil/Structural Engineer
5115,HR Manager
4806,Senior ML/NLP Engineer
7290,Civil/Structural Engineer
1660,Machine Learning Engineer
9168,Software Engineer
4060,iOS Developer
6499,IT Infrastructure Engineer
2005,Marketing Manager
7925,Construction Manager
3228,Civil/Structural Engineer
7641,Machine Learning Engineer
6795,IT Systems Admin
7543,Maintenance Engineer
5755,Database Administrator
4175,iOS Developer
1379,Software Engineer
8615,Bank Audit Officer
823,Digital Marketing Manager
1482,Machine Learning Engineer
8414,Civil/Environmental Engineer
9295,iOS Developer
8961,Data Engineer
5587,Software Engineer
3008,Database Administrator
6163,HR & Recruitment Specialist
5906,Database Administrator
7043,Management Trainee
3102,Data Engineer
1037,Civil/Structural Engineer
1094,Mechanical Design Engineer
6565,Civil/Environmental Engineer
2721,Apparel Sourcing Manager
9280,Admin & Safety Officer
7113,Bank Audit Officer
8178,DevOps Engineer
6880,Database Administrator
5782,HR & Recruitment Specialist
4355,Internal Auditor
2560,IT Systems Admin
6288,Network Engineer
7435,Senior ML/NLP Engineer
585,Marketing Manager
7016,Digital Marketing Manager
6385,Internal Auditor
1061,IT Infrastructure Engineer
6716,Management Trainee
3694,Apparel Sourcing Manager
6925,Senior ML/NLP Engineer
6459,Senior ML/NLP Engineer
4151,AI & Deep Learning Engineer
1657,Maintenance Engineer
7225,Full Stack Developer
6088,Civil/Structural Engineer
6654,Admin & Safety Officer
6004,Network Engineer
1398,Admin & Safety Officer
7189,Internal Auditor
97,Full Stack Developer
4044,Mechanical Design Engineer
3954,Database Administrator
932,IT Systems Admin
7864,Software Engineer
3215,Software Engineer
2564,IT Support Engineer
6036,IT Systems Admin
919,Civil/Environmental Engineer
7707,HR Manager
8545,Full Stack Developer
1987,HR Manager
5658,DevOps Engineer
6025,Marketing Manager
6868,iOS Developer
6133,Machine Learning Engineer
5472,Construction Manager
1998,Data Engineer
5031,Data Engineer
6896,Senior ML/NLP Engineer
7444,iOS Developer
1954,Apparel Sourcing Manager
1706,IT Systems Admin
1303,Network Engineer
8844,AI & Deep Learning Engineer
506,Database Administrator
7127,Admin & Safety Officer
4238,Full Stack Developer
7724,Bank Audit Officer
5760,AI & Deep Learning Engineer
5549,Digital Marketing Manager
91,Full Stack Developer
7309,Civil/Environmental Engineer
6819,Admin & Safety Officer
7888,HR Manager
1031,Bank Audit Officer
7357,Database Administrator
8313,Internal Auditor
6985,Digital Marketing Manager
7130,Database Administrator
6482,Marketing Manager
1563,Machine Learning Engineer
3900,Marketing Manager
943,Maintenance Engineer
1836,iOS Developer
3416,Data Engineer
3203,DevOps Engineer
7452,HR & Recruitment Specialist
811,Mechanical Design Engineer
4523,AI & Deep Learning Engineer
464,DevOps Engineer
6584,Database Administrator
7516,Full Stack Developer
2451,Management Trainee
3773,Database Administrator
2830,Apparel Sourcing Manager
4237,Civil/Environmental Engineer
5001,DevOps Engineer
601,Bank Audit Officer
5187,Digital Marketing Manager
6428,Data Engineer
79,Software Engineer
4726,IT Support Engineer
6145,Senior ML/NLP Engineer
991,Internal Auditor
7211,Civil/Structural Engineer
2057,Construction Manager
3471,AI & Deep Learning Engineer
4914,IT Support Engineer
1291,Mechanical Design Engineer
5966,AI & Deep Learning Engineer
2064,Internal Auditor
3235,Database Administrator
140,Network Engineer
2931,Software Engineer
8941,AI & Deep Learning Engineer
6271,Internal Auditor
7934,Digital Marketing Manager
223,Database Administrator
6733,IT Support Engineer
4720,Data Engineer
8038,Digital Marketing Manager
5332,Full Stack Developer
4649,Construction Manager
5346,Management Trainee
2110,Civil/Structural Engineer
8043,HR Manager
5041,Digital Marketing Manager
8027,iOS Developer
1813,IT Infrastructure Engineer
2641,Machine Learning Engineer
2069,Admin & Safety Officer
2275,Database Administrator
8221,VAT & Finance Officer
8830,Civil/Environmental Engineer
3052,Marketing Manager
720,Construction Manager
8282,Network Engineer
2872,Digital Marketing Manager
2004,Marketing Manager
7034,iOS Developer
1613,Software Engineer
3637,Construction Manager
4207,AI & Deep Learning Engineer
7556,Network Engineer
5152,Construction Manager
5507,IT Systems Admin
781,Civil/Structural Engineer
2693,VAT & Finance Officer
1411,HR Manager
7282,DevOps Engineer
8741,Software Engineer
604,IT Systems Admin
8388,Marketing Manager
5120,Network Engineer
4860,IT Infrastructure Engineer
8069,Database Administrator
8242,Digital Marketing Manager
488,Apparel Sourcing Manager
1386,Data Engineer
4615,IT Support Engineer
3719,DevOps Engineer
8773,IT Infrastructure Engineer
6702,Mechanical Design Engineer
333,Admin & Safety Officer
6941,Database Administrator
1048,Software Engineer
7497,Machine Learning Engineer
1593,Machine Learning Engineer
453,Apparel Sourcing Manager
2066,Bank Audit Officer
1168,DevOps Engineer
4916,HR Manager
1201,Data Engineer
6131,Machine Learning Engineer
3549,VAT & Finance Officer
8114,Software Engineer
3156,Machine Learning Engineer
5783,Full Stack Developer
6775,DevOps Engineer
7693,Management Trainee
6727,DevOps Engineer
5602,Digital Marketing Manager
8355,Data Engineer
8012,Civil/Structural Engineer
9243,Management Trainee
3978,Mechanical Design Engineer
5824,Digital Marketing Manager
9276,iOS Developer
3928,IT Infrastructure Engineer
5951,Data Engineer
7020,Senior ML/NLP Engineer
328,Database Administrator
1156,Management Trainee
2874,Apparel Sourcing Manager
2582,Senior ML/NLP Engineer
7672,Senior ML/NLP Engineer
4244,HR & Recruitment Specialist
8271,Apparel Sourcing Manager
9002,Internal Auditor
1395,Senior ML/NLP Engineer
2125,IT Support Engineer
5084,Internal Auditor
8856,Marketing Manager
934,Apparel Sourcing Manager
8036,Bank Audit Officer
2449,Full Stack Developer
4532,Civil/Environmental Engineer
2673,HR Manager
8401,Civil/Structural Engineer
9233,IT Support Engineer
8812,Admin & Safety Officer
1909,Machine Learning Engineer
7571,Internal Auditor
2035,Mechanical Design Engineer
2924,Data Engineer
7485,Mechanical Design Engineer
8454,Digital Marketing Manager
3947,Civil/Environmental Engineer
7832,VAT & Finance Officer
1742,Database Administrator
3179,HR Manager
8157,IT Support Engineer
1375,iOS Developer
8472,Maintenance Engineer
5790,Network Engineer
1092,Full Stack Developer
6684,HR Manager
2613,Software Engineer
8240,Maintenance Engineer
974,Senior ML/NLP Engineer
7426,Apparel Sourcing Manager
8083,IT Support Engineer
4972,Construction Manager
8784,AI & Deep Learning Engineer
1955,Apparel Sourcing Manager
5636,Senior ML/NLP Engineer
5213,HR Manager
4006,Senior ML/NLP Engineer
449,Database Administrator
5996,iOS Developer
918,HR Manager
1755,Database Administrator
9088,AI & Deep Learning Engineer
8560,Network Engineer
2442,Internal Auditor
6247,Admin & Safety Officer
985,Bank Audit Officer
4778,DevOps Engineer
3311,Mechanical Design Engineer
7185,Construction Manager
3750,Machine Learning Engineer
7171,IT Systems Admin
4816,IT Systems Admin
9167,Admin & Safety Officer
3714,Civil/Environmental Engineer
6597,Maintenance Engineer
2164,AI & Deep Learning Engineer
1835,Bank Audit Officer
2722,Network Engineer
5477,Construction Manager
1253,Database Administrator
5309,DevOps Engineer
9079,IT Support Engineer
1526,Maintenance Engineer
3974,HR & Recruitment Specialist
7838,Senior ML/NLP Engineer
3655,Mechanical Design Engineer
2246,Network Engineer
8257,Marketing Manager
8669,Network Engineer
2638,Maintenance Engineer
987,Construction Manager
8726,Maintenance Engineer
6108,Civil/Environmental Engineer
9312,Management Trainee
5863,Mechanical Design Engineer
8757,DevOps Engineer
5862,Machine Learning Engineer
2559,Database Administrator
1553,Apparel Sourcing Manager
2455,Construction Manager
6975,Maintenance Engineer
4375,VAT & Finance Officer
3417,AI & Deep Learning Engineer
3813,Marketing Manager
5249,DevOps Engineer
152,Marketing Manager
3650,Database Administrator
6569,Admin & Safety Officer
6123,Mechanical Design Engineer
6369,IT Infrastructure Engineer
9165,Full Stack Developer
7662,DevOps Engineer
9207,DevOps Engineer
5919,AI & Deep Learning Engineer
6724,Full Stack Developer
1626,DevOps Engineer
8273,DevOps Engineer
8305,Data Engineer
304,IT Support Engineer
6488,Digital Marketing Manager
102,Marketing Manager
6935,IT Support Engineer
5503,Mechanical Design Engineer
6376,Full Stack Developer
6777,Database Administrator
2867,Software Engineer
7664,Full Stack Developer
3143,Civil/Structural Engineer
1630,VAT & Finance Officer
6112,Management Trainee
5411,Mechanical Design Engineer
3884,Management Trainee
5792,Mechanical Design Engineer
8663,HR Manager
7616,VAT & Finance Officer
4530,DevOps Engineer
5729,HR & Recruitment Specialist
434,Internal Auditor
5857,AI & Deep Learning Engineer
7214,Admin & Safety Officer
6440,Senior ML/NLP Engineer
3962,HR Manager
4136,Management Trainee
1018,Network Engineer
7496,Data Engineer
5711,Mechanical Design Engineer
8353,DevOps Engineer
4272,Database Administrator
5825,Admin & Safety Officer
4953,Admin & Safety Officer
8343,Senior ML/NLP Engineer
7229,DevOps Engineer
2276,Management Trainee
514,Construction Manager
515,VAT & Finance Officer
1272,HR & Recruitment Specialist
5118,Construction Manager
4170,Database Administrator
3996,IT Support Engineer
3172,Database Administrator
4328,Database Administrator
9341,Mechanical Design Engineer
890,Civil/Structural Engineer
3088,IT Systems Admin
8602,Senior ML/NLP Engineer
2597,Civil/Structural Engineer
1804,Apparel Sourcing Manager
1148,VAT & Finance Officer
450,HR Manager
4232,Full Stack Developer
3975,Bank Audit Officer
2025,Management Trainee
789,HR & Recruitment Specialist
3529,Mechanical Design Engineer
6962,Machine Learning Engineer
8733,Machine Learning Engineer
5172,IT Systems Admin
2992,Software Engineer
5497,Full Stack Developer
9250,Marketing Manager
1008,Construction Manager
3604,Maintenance Engineer
3771,Machine Learning Engineer
6671,Maintenance Engineer
6638,Mechanical Design Engineer
5019,Civil/Environmental Engineer
8738,Mechanical Design Engineer
948,Internal Auditor
9309,Management Trainee
6932,Management Trainee
931,Civil/Structural Engineer
6260,IT Systems Admin
6476,Machine Learning Engineer
5311,Data Engineer
1713,HR & Recruitment Specialist
6266,IT Support Engineer
2414,Maintenance Engineer
5140,Internal Auditor
975,Management Trainee
7132,Maintenance Engineer
5483,IT Infrastructure Engineer
8003,Marketing Manager
5676,iOS Developer
7090,Software Engineer
7343,Machine Learning Engineer
4773,VAT & Finance Officer
4458,Mechanical Design Engineer
8883,Full Stack Developer
8805,Construction Manager
1451,Machine Learning Engineer
4918,Database Administrator
441,Apparel Sourcing Manager
3245,Construction Manager
6308,Network Engineer
8879,VAT & Finance Officer
7268,iOS Developer
4398,VAT & Finance Officer
4970,Software Engineer
9035,Maintenance Engineer
994,IT Support Engineer
2133,Digital Marketing Manager
1287,HR & Recruitment Specialist
3288,Construction Manager
2068,DevOps Engineer
2581,IT Infrastructure Engineer
4940,Civil/Environmental Engineer
7696,iOS Developer
8375,DevOps Engineer
4505,Database Administrator
7941,Database Administrator
5037,Senior ML/NLP Engineer
2369,Internal Auditor
9134,Management Trainee
8970,Internal Auditor
2132,Digital Marketing Manager
4977,VAT & Finance Officer
7510,Machine Learning Engineer
8947,HR Manager
3555,Maintenance Engineer
927,iOS Developer
3858,Civil/Environmental Engineer
7107,Software Engineer
7837,Apparel Sourcing Manager
5776,Civil/Environmental Engineer
2616,Digital Marketing Manager
265,Admin & Safety Officer
6434,Apparel Sourcing Manager
3326,HR & Recruitment Specialist
3250,iOS Developer
7546,AI & Deep Learning Engineer
4077,Bank Audit Officer
1199,Bank Audit Officer
1088,Bank Audit Officer
7318,HR Manager
7635,Apparel Sourcing Manager
240,IT Support Engineer
6343,Civil/Structural Engineer
6848,Software Engineer
4993,Apparel Sourcing Manager
6912,Construction Manager
7673,Civil/Structural Engineer
880,Data Engineer
6419,Civil/Environmental Engineer
8538,Admin & Safety Officer
6718,IT Infrastructure Engineer
8874,IT Systems Admin
2392,Marketing Manager
845,Maintenance Engineer
8421,VAT & Finance Officer
5573,Maintenance Engineer
4658,Senior ML/NLP Engineer
9200,Marketing Manager
8899,DevOps Engineer
8851,Bank Audit Officer
1868,HR Manager
3239,DevOps Engineer
7520,Management Trainee
8377,DevOps Engineer
3074,Network Engineer
7457,Construction Manager
2417,Senior ML/NLP Engineer
7810,AI & Deep Learning Engineer
1026,Marketing Manager
7694,Machine Learning Engineer
9201,iOS Developer
9,Apparel Sourcing Manager
8958,Maintenance Engineer
58,VAT & Finance Officer
4422,Construction Manager
5373,iOS Developer
5702,Data Engineer
7781,Digital Marketing Manager
5273,DevOps Engineer
1538,Admin & Safety Officer
5234,AI & Deep Learning Engineer
3958,Machine Learning Engineer
4584,IT Infrastructure Engineer
6965,HR Manager
609,DevOps Engineer
60,Internal Auditor
9175,DevOps Engineer
2795,DevOps Engineer
8333,Network Engineer
7300,HR & Recruitment Specialist
2101,iOS Developer
2859,IT Systems Admin
3593,Internal Auditor
8322,HR & Recruitment Specialist
9070,Software Engineer
2286,Mechanical Design Engineer
168,IT Support Engineer
4025,Management Trainee
6826,Marketing Manager
616,IT Support Engineer
8223,Civil/Structural Engineer
1879,Network Engineer
8118,iOS Developer
4540,DevOps Engineer
5244,HR & Recruitment Specialist
3987,Network Engineer
6213,HR & Recruitment Specialist
8474,Data Engineer
7588,Data Engineer
7447,IT Systems Admin
8523,IT Support Engineer
4176,Internal Auditor
1241,AI & Deep Learning Engineer
8987,IT Infrastructure Engineer
8517,HR Manager
8286,Maintenance Engineer
5983,Data Engineer
9184,Civil/Structural Engineer
3873,Maintenance Engineer
2384,Bank Audit Officer
465,Senior ML/NLP Engineer
3896,IT Infrastructure Engineer
1076,Maintenance Engineer
830,Bank Audit Officer
7352,Network Engineer
1366,Network Engineer
288,Full Stack Developer
2224,iOS Developer
3639,Network Engineer
1724,Civil/Environmental Engineer
6380,Maintenance Engineer
2238,Apparel Sourcing Manager
174,DevOps Engineer
8146,VAT & Finance Officer
1457,Internal Auditor
4356,AI & Deep Learning Engineer
5320,Construction Manager
4788,Senior ML/NLP Engineer
1102,Management Trainee
6504,iOS Developer
164,Construction Manager
2259,Civil/Environmental Engineer
8439,VAT & Finance Officer
76,Management Trainee
3594,Machine Learning Engineer
2337,Admin & Safety Officer
5607,HR & Recruitment Specialist
3211,Data Engineer
1889,Admin & Safety Officer
5891,IT Support Engineer
9224,Internal Auditor
7878,AI & Deep Learning Engineer
2253,Management Trainee
4030,Apparel Sourcing Manager
5473,Civil/Environmental Engineer
8668,Internal Auditor
1041,IT Infrastructure Engineer
8909,Marketing Manager
1239,HR Manager
2946,Marketing Manager
6901,IT Infrastructure Engineer
1465,Data Engineer
5402,Civil/Structural Engineer
239,Full Stack Developer
7677,AI & Deep Learning Engineer
4539,Construction Manager
732,Management Trainee
7019,IT Infrastructure Engineer
7799,Machine Learning Engineer
454,Admin & Safety Officer
2407,Maintenance Engineer
2755,IT Systems Admin
6480,Digital Marketing Manager
3736,iOS Developer
3759,IT Support Engineer
5166,HR & Recruitment Specialist
342,Senior ML/NLP Engineer
6118,Internal Auditor
7488,AI & Deep Learning Engineer
799,Marketing Manager
5698,DevOps Engineer
1249,Bank Audit Officer
7041,Apparel Sourcing Manager
2728,Management Trainee
5705,Digital Marketing Manager
9077,Bank Audit Officer
1604,Database Administrator
241,Bank Audit Officer
201,iOS Developer
8225,Senior ML/NLP Engineer
8293,HR & Recruitment Specialist
2521,Civil/Environmental Engineer
5154,Machine Learning Engineer
1464,Network Engineer
7959,Construction Manager
2292,AI & Deep Learning Engineer
5086,Full Stack Developer
6861,Maintenance Engineer
4650,IT Infrastructure Engineer
2516,VAT & Finance Officer
1498,Machine Learning Engineer
6348,Full Stack Developer
4290,Data Engineer
2199,HR Manager
2171,HR Manager
1703,Management Trainee
5466,Full Stack Developer
6509,Machine Learning Engineer
8290,Database Administrator
3526,Civil/Environmental Engineer
1370,Bank Audit Officer
5050,Construction Manager
5077,Senior ML/NLP Engineer
5009,IT Infrastructure Engineer
6864,AI & Deep Learning Engineer
1774,Machine Learning Engineer
1837,VAT & Finance Officer
3285,HR Manager
9307,Mechanical Design Engineer
3386,Mechanical Design Engineer
7711,Civil/Structural Engineer
6574,HR & Recruitment Specialist
1764,Construction Manager
1921,Admin & Safety Officer
6648,HR & Recruitment Specialist
8467,VAT & Finance Officer
2910,HR Manager
6146,DevOps Engineer
6642,Software Engineer
5980,DevOps Engineer
1641,AI & Deep Learning Engineer
7679,Bank Audit Officer
7501,DevOps Engineer
8034,IT Systems Admin
346,Senior ML/NLP Engineer
3409,Civil/Structural Engineer
5922,Database Administrator
8304,Management Trainee
3430,Database Administrator
5176,Civil/Environmental Engineer
501,Senior ML/NLP Engineer
904,Machine Learning Engineer
4465,iOS Developer
9159,Apparel Sourcing Manager
5515,Machine Learning Engineer
6510,Marketing Manager
3937,Data Engineer
5078,Bank Audit Officer
3301,IT Systems Admin
7416,DevOps Engineer
4991,Data Engineer
7466,iOS Developer
7578,Network Engineer
1745,Machine Learning Engineer
9210,IT Systems Admin
6699,Network Engineer
7903,Construction Manager
7606,Mechanical Design Engineer
6960,Civil/Environmental Engineer
1635,IT Systems Admin
1203,Software Engineer
7131,Civil/Structural Engineer
3510,Internal Auditor
220,Construction Manager
9246,Database Administrator
1665,Civil/Structural Engineer
6689,HR & Recruitment Specialist
2762,Construction Manager
6478,Bank Audit Officer
5874,Bank Audit Officer
9056,Bank Audit Officer
5519,IT Support Engineer
2987,Full Stack Developer
1534,IT Support Engineer
7439,Mechanical Design Engineer
282,Civil/Environmental Engineer
5559,AI & Deep Learning Engineer
5659,HR Manager
7198,HR & Recruitment Specialist
2737,IT Support Engineer
8109,Admin & Safety Officer
8974,HR Manager
1307,DevOps Engineer
2463,Senior ML/NLP Engineer
5895,HR Manager
7816,Management Trainee
8448,Internal Auditor
6250,AI & Deep Learning Engineer
3887,Network Engineer
412,Admin & Safety Officer
18,Civil/Environmental Engineer
1027,Senior ML/NLP Engineer
1019,Full Stack Developer
8624,DevOps Engineer
2058,Network Engineer
2373,AI & Deep Learning Engineer
7626,IT Support Engineer
5871,Civil/Environmental Engineer
9174,Management Trainee
2966,Bank Audit Officer
4330,Civil/Structural Engineer
7853,Mechanical Design Engineer
3458,HR & Recruitment Specialist
3323,Digital Marketing Manager
3460,DevOps Engineer
2603,VAT & Finance Officer
6668,Database Administrator
1919,IT Infrastructure Engineer
400,Data Engineer
1213,iOS Developer
71,IT Systems Admin
3195,AI & Deep Learning Engineer
7033,Maintenance Engineer
3057,Marketing Manager
977,Network Engineer
336,Machine Learning Engineer
3913,Data Engineer
5188,Construction Manager
3346,AI & Deep Learning Engineer
733,Marketing Manager
7708,IT Infrastructure Engineer
2027,Marketing Manager
1527,Maintenance Engineer
1571,Construction Manager
6809,Internal Auditor
1731,Software Engineer
2678,Marketing Manager
2776,Management Trainee
5061,IT Support Engineer
7071,Mechanical Design Engineer
6058,Senior ML/NLP Engineer
5241,Full Stack Developer
5324,Admin & Safety Officer
4746,IT Infrastructure Engineer
8130,Construction Manager
6255,Software Engineer
7377,Maintenance Engineer
1191,Database Administrator
9296,Network Engineer
5767,Construction Manager
3551,Marketing Manager
3103,IT Infrastructure Engineer
8720,IT Support Engineer
461,iOS Developer
5138,HR & Recruitment Specialist
3324,Maintenance Engineer
5008,IT Support Engineer
5025,Full Stack Developer
7486,Internal Auditor
1824,Bank Audit Officer
3525,Mechanical Design Engineer
641,Machine Learning Engineer
7203,Bank Audit Officer
2923,Mechanical Design Engineer
4823,Full Stack Developer
2232,Apparel Sourcing Manager
8050,IT Infrastructure Engineer
9308,HR & Recruitment Specialist
3145,DevOps Engineer
9160,IT Infrastructure Engineer
6780,Marketing Manager
995,Machine Learning Engineer
3952,DevOps Engineer
6915,iOS Developer
6360,Construction Manager
849,HR Manager
736,AI & Deep Learning Engineer
4670,Maintenance Engineer
7025,Network Engineer
6663,VAT & Finance Officer
8357,iOS Developer
8886,Internal Auditor
6539,VAT & Finance Officer
8699,Digital Marketing Manager
5259,Software Engineer
3939,IT Systems Admin
3272,Marketing Manager
5304,Machine Learning Engineer
8929,Civil/Environmental Engineer
3853,Marketing Manager
1390,Machine Learning Engineer
2817,iOS Developer
7374,Software Engineer
8527,Digital Marketing Manager
754,Network Engineer
7548,Data Engineer
7123,IT Support Engineer
7667,Mechanical Design Engineer
2973,Apparel Sourcing Manager
131,Bank Audit Officer
2836,DevOps Engineer
1211,Digital Marketing Manager
9187,Mechanical Design Engineer
1107,iOS Developer
735,Admin & Safety Officer
2513,IT Systems Admin
7238,Database Administrator
6256,AI & Deep Learning Engineer
390,HR Manager
5119,Civil/Structural Engineer
8335,HR & Recruitment Specialist
9074,IT Systems Admin
1186,IT Infrastructure Engineer
4191,VAT & Finance Officer
5443,IT Support Engineer
760,Network Engineer
8565,iOS Developer
4428,IT Systems Admin
1236,IT Infrastructure Engineer
8908,Civil/Environmental Engineer
153,Apparel Sourcing Manager
7966,Data Engineer
7336,Database Administrator
9269,Mechanical Design Engineer
2679,Network Engineer
5435,Full Stack Developer
2630,Civil/Structural Engineer
2545,DevOps Engineer
587,Marketing Manager
3191,Data Engineer
2659,IT Systems Admin
7697,Apparel Sourcing Manager
3448,Civil/Environmental Engineer
1470,VAT & Finance Officer
2258,Construction Manager
8095,Data Engineer
8116,Maintenance Engineer
2394,HR Manager
1653,Senior ML/NLP Engineer
8850,Construction Manager
7971,HR & Recruitment Specialist
185,HR Manager
4479,HR & Recruitment Specialist
3651,Senior ML/NLP Engineer
1343,Network Engineer
8836,Machine Learning Engineer
6410,Software Engineer
7406,Full Stack Developer
3950,IT Infrastructure Engineer
7595,Senior ML/NLP Engineer
1178,DevOps Engineer
3682,Admin & Safety Officer
6742,IT Systems Admin
3756,Mechanical Design Engineer
8515,HR Manager
3770,Network Engineer
4286,Civil/Environmental Engineer
68,HR Manager
2500,Internal Auditor
2790,IT Infrastructure Engineer
5570,Full Stack Developer
6546,Machine Learning Engineer
7607,VAT & Finance Officer
5453,Maintenance Engineer
4080,Database Administrator
903,Civil/Structural Engineer
2048,Database Administrator
2736,Database Administrator
9039,IT Infrastructure Engineer
1327,DevOps Engineer
1338,Senior ML/NLP Engineer
8026,Full Stack Developer
933,AI & Deep Learning Engineer
1425,VAT & Finance Officer
1582,Maintenance Engineer
232,Marketing Manager
6079,DevOps Engineer
7306,Software Engineer
6706,Marketing Manager
1844,Digital Marketing Manager
4370,Software Engineer
5082,Construction Manager
4494,IT Systems Admin
5777,IT Support Engineer
2348,Apparel Sourcing Manager
7813,Civil/Structural Engineer
5920,HR & Recruitment Specialist
5126,Data Engineer
4352,Database Administrator
4173,Network Engineer
1910,Apparel Sourcing Manager
2056,Digital Marketing Manager
1414,Database Administrator
7370,Bank Audit Officer
770,Network Engineer
8905,Management Trainee
8915,Marketing Manager
5655,Marketing Manager
6980,Mechanical Design Engineer
6199,Construction Manager
5051,iOS Developer
4674,Network Engineer
1145,iOS Developer
899,AI & Deep Learning Engineer
5222,Marketing Manager
26,Internal Auditor
8576,Full Stack Developer
4064,Software Engineer
2818,iOS Developer
3830,Admin & Safety Officer
4587,IT Support Engineer
6381,Admin & Safety Officer
703,Civil/Environmental Engineer
108,Maintenance Engineer
5344,IT Support Engineer
3151,Mechanical Design Engineer
2284,Data Engineer
5023,iOS Developer
5601,Digital Marketing Manager
3268,Apparel Sourcing Manager
4908,Internal Auditor
2753,VAT & Finance Officer
4023,Internal Auditor
6262,Mechanical Design Engineer
6022,Software Engineer
8506,Management Trainee
6309,Bank Audit Officer
8412,Bank Audit Officer
2322,IT Support Engineer
5581,Maintenance Engineer
2121,Maintenance Engineer
8082,Machine Learning Engineer
1601,Maintenance Engineer
2984,Digital Marketing Manager
5177,Senior ML/NLP Engineer
2256,iOS Developer
1551,Management Trainee
8680,AI & Deep Learning Engineer
2491,DevOps Engineer
1599,iOS Developer
237,Civil/Structural Engineer
8988,Management Trainee
5030,Network Engineer
16,IT Infrastructure Engineer
3338,Senior ML/NLP Engineer
6914,Civil/Environmental Engineer
3765,Full Stack Developer
2486,Admin & Safety Officer
8704,IT Systems Admin
6229,Bank Audit Officer
2856,Admin & Safety Officer
4985,VAT & Finance Officer
6324,Maintenance Engineer
1973,IT Support Engineer
9114,Admin & Safety Officer
7449,Maintenance Engineer
1544,IT Systems Admin
6873,iOS Developer
4516,HR & Recruitment Specialist
1374,Bank Audit Officer
2345,Machine Learning Engineer
7437,Mechanical Design Engineer
7872,Digital Marketing Manager
4787,Marketing Manager
4456,Senior ML/NLP Engineer
1429,VAT & Finance Officer
2895,Digital Marketing Manager
9082,VAT & Finance Officer
8445,Database Administrator
3595,Network Engineer
29,Machine Learning Engineer
4536,DevOps Engineer
8362,Construction Manager
5819,Civil/Environmental Engineer
2639,HR & Recruitment Specialist
3266,Machine Learning Engineer
5993,IT Support Engineer
2402,iOS Developer
5736,IT Infrastructure Engineer
2813,HR & Recruitment Specialist
3022,Internal Auditor
3602,Data Engineer
3517,IT Infrastructure Engineer
3728,DevOps Engineer
6907,AI & Deep Learning Engineer
6814,Mechanical Design Engineer
4072,Civil/Environmental Engineer
4557,Construction Manager
2814,Database Administrator
2691,Civil/Environmental Engineer
1461,Maintenance Engineer
4210,Mechanical Design Engineer
626,Full Stack Developer
226,Mechanical Design Engineer
5391,HR Manager
3538,Internal Auditor
4775,IT Support Engineer
9320,Admin & Safety Officer
3891,Civil/Structural Engineer
5999,Mechanical Design Engineer
4090,IT Support Engineer
5007,Digital Marketing Manager
5516,Civil/Structural Engineer
9319,Software Engineer
7760,DevOps Engineer
1972,IT Infrastructure Engineer
7348,Bank Audit Officer
2536,Maintenance Engineer
7866,Bank Audit Officer
4592,Civil/Environmental Engineer
786,VAT & Finance Officer
5643,Database Administrator
5522,Civil/Structural Engineer
5981,iOS Developer
1705,Construction Manager
1812,IT Infrastructure Engineer
7196,Bank Audit Officer
3550,iOS Developer
7579,Construction Manager
3122,IT Support Engineer
1636,Machine Learning Engineer
2260,IT Support Engineer
7433,Management Trainee
9313,IT Systems Admin
8244,Internal Auditor
4343,HR & Recruitment Specialist
7349,Construction Manager
9059,Mechanical Design Engineer
5617,IT Systems Admin
209,Network Engineer
8326,AI & Deep Learning Engineer
229,Network Engineer
4641,Management Trainee
7899,Network Engineer
8749,DevOps Engineer
1684,Database Administrator
8950,Construction Manager
8664,Network Engineer
6121,Machine Learning Engineer
3373,HR & Recruitment Specialist
203,Management Trainee
6160,HR Manager
50,Admin & Safety Officer
2892,Construction Manager
7175,Management Trainee
7943,Bank Audit Officer
4067,Civil/Structural Engineer
2159,Admin & Safety Officer
3726,VAT & Finance Officer
1278,Digital Marketing Manager
1086,Civil/Environmental Engineer
2792,IT Systems Admin
5538,VAT & Finance Officer
4315,Management Trainee
1790,VAT & Finance Officer
8212,AI & Deep Learning Engineer
9045,Marketing Manager
7259,IT Systems Admin
1012,Full Stack Developer
6153,Software Engineer
557,VAT & Finance Officer
3539,AI & Deep Learning Engineer
2409,Internal Auditor
7021,iOS Developer
3013,HR & Recruitment Specialist
338,HR & Recruitment Specialist
5813,Maintenance Engineer
2510,VAT & Finance Officer
7790,Management Trainee
5394,Admin & Safety Officer
5375,IT Systems Admin
4509,Machine Learning Engineer
4365,Admin & Safety Officer
6666,Apparel Sourcing Manager
8759,Mechanical Design Engineer
7063,AI & Deep Learning Engineer
8713,IT Infrastructure Engineer
4794,Senior ML/NLP Engineer
2177,Apparel Sourcing Manager
9335,IT Systems Admin
1583,Digital Marketing Manager
5861,Management Trainee
4514,Senior ML/NLP Engineer
367,iOS Developer
2152,Network Engineer
3358,Database Administrator
7333,Bank Audit Officer
5235,Bank Audit Officer
7809,VAT & Finance Officer
7887,Network Engineer
7013,Admin & Safety Officer
3321,HR & Recruitment Specialist
8605,Bank Audit Officer
8458,Bank Audit Officer
1525,Management Trainee
3274,IT Systems Admin
2013,IT Infrastructure Engineer
672,Maintenance Engineer
5660,Database Administrator
4329,Senior ML/NLP Engineer
6803,Software Engineer
7743,VAT & Finance Officer
8969,HR & Recruitment Specialist
6590,Software Engineer
258,VAT & Finance Officer
1110,Maintenance Engineer
7069,Management Trainee
6156,Senior ML/NLP Engineer
7705,Apparel Sourcing Manager
2323,Data Engineer
8477,Management Trainee
8782,iOS Developer
907,Software Engineer
1729,Marketing Manager
3766,Admin & Safety Officer
1990,iOS Developer
1709,HR & Recruitment Specialist
2696,Machine Learning Engineer
4253,Machine Learning Engineer
7383,Software Engineer
7412,HR Manager
1507,Data Engineer
4721,Civil/Structural Engineer
5928,Bank Audit Officer
3058,Database Administrator
817,Apparel Sourcing Manager
5406,Civil/Structural Engineer
2257,Marketing Manager
2194,DevOps Engineer
1150,Maintenance Engineer
5737,Apparel Sourcing Manager
5625,Software Engineer
2580,IT Support Engineer
4556,IT Infrastructure Engineer
2445,Civil/Environmental Engineer
9329,Machine Learning Engineer
8650,iOS Developer
1122,HR & Recruitment Specialist
204,Apparel Sourcing Manager
1232,Civil/Environmental Engineer
8906,IT Systems Admin
7894,IT Systems Admin
3283,Admin & Safety Officer
4979,IT Support Engineer
6618,Marketing Manager
9118,Apparel Sourcing Manager
6598,Maintenance Engineer
2327,Network Engineer
1575,HR Manager
855,HR Manager
8492,VAT & Finance Officer
9081,IT Systems Admin
1791,Machine Learning Engineer
5578,Management Trainee
6296,Database Administrator
8835,Database Administrator
1942,Software Engineer
6859,Data Engineer
6526,Marketing Manager
6524,Mechanical Design Engineer
7669,Internal Auditor
8396,Admin & Safety Officer
4055,Internal Auditor
315,Maintenance Engineer
7904,Database Administrator
8331,Senior ML/NLP Engineer
4405,IT Infrastructure Engineer
7404,IT Infrastructure Engineer
7594,Database Administrator
2742,Data Engineer
8820,Internal Auditor
6074,Civil/Structural Engineer
178,Bank Audit Officer
2782,Maintenance Engineer
1421,DevOps Engineer
8728,Network Engineer
873,Network Engineer
4289,IT Support Engineer
3020,Full Stack Developer
7712,HR Manager
4350,Data Engineer
3395,DevOps Engineer
469,Civil/Structural Engineer
2905,Data Engineer
682,Senior ML/NLP Engineer
3819,Data Engineer
6391,IT Support Engineer
1951,Internal Auditor
2459,Senior ML/NLP Engineer
4958,Digital Marketing Manager
156,Bank Audit Officer
6556,Database Administrator
6926,iOS Developer
8447,Mechanical Design Engineer
8636,DevOps Engineer
824,Mechanical Design Engineer
3120,AI & Deep Learning Engineer
9299,Digital Marketing Manager
6773,Senior ML/NLP Engineer
3885,Management Trainee
2982,Marketing Manager
6928,Mechanical Design Engineer
7969,Full Stack Developer
879,Machine Learning Engineer
4708,Construction Manager
5786,Machine Learning Engineer
6999,IT Systems Admin
777,VAT & Finance Officer
1496,Apparel Sourcing Manager
3216,Admin & Safety Officer
4432,Apparel Sourcing Manager
7428,Database Administrator
6206,Admin & Safety Officer
6453,Marketing Manager
6226,Senior ML/NLP Engineer
7388,Marketing Manager
8044,DevOps Engineer
1016,Mechanical Design Engineer
7099,IT Support Engineer
3810,Software Engineer
2221,Construction Manager
4586,IT Infrastructure Engineer
1106,Maintenance Engineer
486,Machine Learning Engineer
7769,Marketing Manager
4,iOS Developer
8266,Civil/Environmental Engineer
1608,Network Engineer
5482,HR & Recruitment Specialist
7155,VAT & Finance Officer
5545,HR Manager
4581,Marketing Manager
3777,VAT & Finance Officer
8086,Admin & Safety Officer
5109,Machine Learning Engineer
7340,Maintenance Engineer
1050,Network Engineer
4461,Management Trainee
1112,IT Systems Admin
8500,Admin & Safety Officer
4730,Civil/Structural Engineer
1271,IT Systems Admin
9121,Software Engineer
9222,Apparel Sourcing Manager
7701,Civil/Environmental Engineer
8734,Machine Learning Engineer
7390,Maintenance Engineer
998,Digital Marketing Manager
5621,Internal Auditor
2344,Machine Learning Engineer
4084,Full Stack Developer
7453,HR & Recruitment Specialist
1149,Software Engineer
3021,Network Engineer
4222,Digital Marketing Manager
8251,Senior ML/NLP Engineer
1524,Management Trainee
5639,Civil/Environmental Engineer
5052,AI & Deep Learning Engineer
9186,AI & Deep Learning Engineer
4902,VAT & Finance Officer
6593,Data Engineer
6536,Database Administrator
2244,IT Infrastructure Engineer
5926,Digital Marketing Manager
3888,iOS Developer
4575,Full Stack Developer
8121,Civil/Environmental Engineer
882,iOS Developer
3291,Full Stack Developer
8117,Maintenance Engineer
3073,Digital Marketing Manager
5969,IT Systems Admin
2793,Marketing Manager
2772,Maintenance Engineer
7699,DevOps Engineer
1127,AI & Deep Learning Engineer
8533,Mechanical Design Engineer
7430,Mechanical Design Engineer
82,AI & Deep Learning Engineer
1975,Machine Learning Engineer
8150,Network Engineer
6585,Machine Learning Engineer
9037,Database Administrator
31,DevOps Engineer
8595,Civil/Structural Engineer
285,Full Stack Developer
415,Network Engineer
9140,Maintenance Engineer
7360,Maintenance Engineer
9092,IT Systems Admin
8625,Mechanical Design Engineer
854,Bank Audit Officer
1650,Bank Audit Officer
2751,Maintenance Engineer
5091,Internal Auditor
8129,IT Infrastructure Engineer
1157,Apparel Sourcing Manager
4607,Digital Marketing Manager
4553,IT Support Engineer
1057,Internal Auditor
6739,Senior ML/NLP Engineer
8093,DevOps Engineer
5456,iOS Developer
4873,Full Stack Developer
7770,IT Support Engineer
7618,iOS Developer
2128,VAT & Finance Officer
5656,AI & Deep Learning Engineer
8195,Full Stack Developer
7539,Maintenance Engineer
7895,iOS Developer
8013,IT Systems Admin
8473,VAT & Finance Officer
7860,Apparel Sourcing Manager
3229,Mechanical Design Engineer
7493,IT Systems Admin
5867,Apparel Sourcing Manager
7170,IT Support Engineer
4242,Database Administrator
297,VAT & Finance Officer
6080,Mechanical Design Engineer
3957,IT Systems Admin
6201,Bank Audit Officer
5294,VAT & Finance Officer
4127,iOS Developer
4576,Apparel Sourcing Manager
9330,Internal Auditor
4177,iOS Developer
606,Machine Learning Engineer
533,Machine Learning Engineer
3361,Database Administrator
4193,AI & Deep Learning Engineer
1530,IT Systems Admin
1220,Construction Manager
7047,Network Engineer
9245,HR Manager
5971,Digital Marketing Manager
5923,Senior ML/NLP Engineer
2650,VAT & Finance Officer
5193,Database Administrator
2383,Software Engineer
5385,Data Engineer
8122,Data Engineer
6959,Marketing Manager
2352,IT Infrastructure Engineer
807,Data Engineer
5599,Civil/Environmental Engineer
7356,HR & Recruitment Specialist
1807,Digital Marketing Manager
3300,Construction Manager
3478,HR Manager
4338,Mechanical Design Engineer
8028,Apparel Sourcing Manager
5065,Bank Audit Officer
570,Database Administrator
312,VAT & Finance Officer
8687,Management Trainee
1529,IT Systems Admin
7257,Senior ML/NLP Engineer
2102,Mechanical Design Engineer
7584,Digital Marketing Manager
5946,Senior ML/NLP Engineer
8796,Data Engineer
8449,DevOps Engineer
7365,IT Systems Admin
6426,Machine Learning Engineer
6052,Machine Learning Engineer
5984,Admin & Safety Officer
2664,DevOps Engineer
4068,Full Stack Developer
768,DevOps Engineer
3470,Civil/Structural Engineer
6427,VAT & Finance Officer
8892,Marketing Manager
2037,Civil/Structural Engineer
3056,Marketing Manager
1000,Bank Audit Officer
2743,IT Support Engineer
2781,Civil/Structural Engineer
598,iOS Developer
7936,Marketing Manager
9085,Software Engineer
303,Database Administrator
9122,Database Administrator
5793,Apparel Sourcing Manager
5357,Bank Audit Officer
5239,Admin & Safety Officer
1712,Database Administrator
2328,Digital Marketing Manager
8278,IT Systems Admin
725,Bank Audit Officer
8281,IT Support Engineer
7331,HR & Recruitment Specialist
7438,Full Stack Developer
7596,Full Stack Developer
2625,Bank Audit Officer
3622,IT Infrastructure Engineer
8268,Admin & Safety Officer
8046,Data Engineer
9327,Marketing Manager
2018,Marketing Manager
4171,VAT & Finance Officer
2554,Admin & Safety Officer
5816,Maintenance Engineer
4570,Apparel Sourcing Manager
6790,Network Engineer
3454,AI & Deep Learning Engineer
2700,Admin & Safety Officer
6541,HR Manager
1523,Network Engineer
6776,Marketing Manager
8819,VAT & Finance Officer
2562,IT Support Engineer
1431,HR Manager
8585,Internal Auditor
1707,Marketing Manager
2898,Civil/Structural Engineer
191,AI & Deep Learning Engineer
7953,Civil/Structural Engineer
6772,DevOps Engineer
8135,Network Engineer
1652,Data Engineer
5544,AI & Deep Learning Engineer
4504,Civil/Structural Engineer
4578,Bank Audit Officer
1826,IT Support Engineer
8597,IT Systems Admin
4697,Machine Learning Engineer
1552,Marketing Manager
3384,iOS Developer
3798,Network Engineer
8249,VAT & Finance Officer
2647,IT Support Engineer
4349,AI & Deep Learning Engineer
9321,AI & Deep Learning Engineer
7200,HR & Recruitment Specialist
3697,Civil/Environmental Engineer
7273,Full Stack Developer
248,IT Systems Admin
2227,AI & Deep Learning Engineer
1788,Bank Audit Officer
4284,Senior ML/NLP Engineer
2143,Civil/Structural Engineer
4295,Full Stack Developer
3528,Senior ML/NLP Engineer
2033,Marketing Manager
4475,Internal Auditor
5116,Civil/Environmental Engineer
6709,Full Stack Developer
4535,Admin & Safety Officer
2563,Admin & Safety Officer
2470,Civil/Structural Engineer
961,Data Engineer
8398,Machine Learning Engineer
586,Full Stack Developer
6670,Machine Learning Engineer
53,Software Engineer
6096,AI & Deep Learning Engineer
1632,Database Administrator
4158,AI & Deep Learning Engineer
83,Software Engineer
4522,Network Engineer
4357,IT Support Engineer
4246,Database Administrator
3017,Apparel Sourcing Manager
8735,Machine Learning Engineer
5212,IT Systems Admin
8997,DevOps Engineer
832,IT Infrastructure Engineer
7461,IT Support Engineer
2097,Mechanical Design Engineer
3707,HR & Recruitment Specialist
2880,DevOps Engineer
4468,Internal Auditor
4305,DevOps Engineer
4882,Software Engineer
7014,Database Administrator
8486,DevOps Engineer
77,Admin & Safety Officer
884,Construction Manager
6193,Apparel Sourcing Manager
2377,Network Engineer
2727,Construction Manager
7162,Machine Learning Engineer
6217,IT Systems Admin
7945,Apparel Sourcing Manager
7248,Management Trainee
4824,Admin & Safety Officer
4423,Civil/Environmental Engineer
6578,Civil/Structural Engineer
2552,iOS Developer
3831,Maintenance Engineer
228,Construction Manager
8014,Network Engineer
813,IT Support Engineer
689,Maintenance Engineer
6436,Bank Audit Officer
5647,Construction Manager
7092,IT Systems Admin
7850,Construction Manager
4906,HR & Recruitment Specialist
2497,Construction Manager
7857,Maintenance Engineer
8739,Full Stack Developer
5027,HR & Recruitment Specialist
195,Internal Auditor
5129,HR & Recruitment Specialist
5518,Marketing Manager
3329,Software Engineer
7591,Marketing Manager
7231,IT Infrastructure Engineer
7610,Marketing Manager
4388,Database Administrator
7985,Apparel Sourcing Manager
4848,HR & Recruitment Specialist
2212,HR Manager
5804,Full Stack Developer
5609,Full Stack Developer
1884,Marketing Manager
5827,Bank Audit Officer
8469,Civil/Structural Engineer
8434,Construction Manager
872,IT Support Engineer
4709,Bank Audit Officer
8967,Maintenance Engineer
8198,HR & Recruitment Specialist
594,IT Systems Admin
8566,Bank Audit Officer
9290,AI & Deep Learning Engineer
1988,Admin & Safety Officer
5905,Mechanical Design Engineer
6251,Internal Auditor
7002,Admin & Safety Officer
7032,Data Engineer
8387,Bank Audit Officer
7240,iOS Developer
9149,Internal Auditor
7638,Senior ML/NLP Engineer
2247,VAT & Finance Officer
937,Management Trainee
1672,Internal Auditor
7423,Data Engineer
4653,Data Engineer
2186,Data Engineer
8077,AI & Deep Learning Engineer
5353,DevOps Engineer
4050,DevOps Engineer
4771,iOS Developer
438,DevOps Engineer
6921,HR & Recruitment Specialist
8861,Senior ML/NLP Engineer
6865,Software Engineer
3722,iOS Developer
4780,DevOps Engineer
1340,Database Administrator
8416,Admin & Safety Officer
1952,VAT & Finance Officer
7418,Management Trainee
704,IT Support Engineer
2850,Admin & Safety Officer
7165,Construction Manager
6806,Civil/Structural Engineer
7932,Database Administrator
1381,Data Engineer
4277,Admin & Safety Officer
8151,Software Engineer
524,IT Systems Admin
5644,Machine Learning Engineer
1311,Database Administrator
1736,iOS Developer
5881,Civil/Environmental Engineer
1167,Admin & Safety Officer
1967,iOS Developer
1302,Software Engineer
2430,Civil/Structural Engineer
6613,Admin & Safety Officer
6871,Civil/Structural Engineer
4909,Construction Manager
3940,VAT & Finance Officer
988,Digital Marketing Manager
9171,Network Engineer
6400,Internal Auditor
5315,IT Systems Admin
2607,HR & Recruitment Specialist
2558,Marketing Manager
5835,iOS Developer
1347,Senior ML/NLP Engineer
1275,IT Infrastructure Engineer
6364,VAT & Finance Officer
9285,Civil/Environmental Engineer
6831,Internal Auditor
1673,Construction Manager
922,Database Administrator
6993,Digital Marketing Manager
3270,Admin & Safety Officer
1438,Civil/Structural Engineer
300,HR & Recruitment Specialist
8717,Civil/Environmental Engineer
6879,Maintenance Engineer
148,Construction Manager
7296,IT Systems Admin
4611,DevOps Engineer
868,Internal Auditor
2002,HR & Recruitment Specialist
3212,iOS Developer
4235,Data Engineer
2481,Digital Marketing Manager
8925,Data Engineer
929,Marketing Manager
4767,IT Infrastructure Engineer
3135,Maintenance Engineer
5887,Data Engineer
6619,HR Manager
560,Management Trainee
3465,Digital Marketing Manager
8084,IT Systems Admin
4614,IT Support Engineer
5287,Network Engineer
2590,IT Support Engineer
666,Senior ML/NLP Engineer
3870,Management Trainee
6091,iOS Developer
1737,Bank Audit Officer
6495,Digital Marketing Manager
8552,VAT & Finance Officer
663,HR & Recruitment Specialist
536,Admin & Safety Officer
5155,Management Trainee
5100,Machine Learning Engineer
1598,Internal Auditor
905,Machine Learning Engineer
4264,Internal Auditor
2411,HR & Recruitment Specialist
1763,VAT & Finance Officer
797,Bank Audit Officer
2540,VAT & Finance Officer
5528,Machine Learning Engineer
630,HR & Recruitment Specialist
3997,Mechanical Design Engineer
8762,HR Manager
6722,Full Stack Developer
7642,Bank Audit Officer
9158,Bank Audit Officer
3317,Digital Marketing Manager
5870,Digital Marketing Manager
1446,Digital Marketing Manager
2957,Senior ML/NLP Engineer
2803,HR & Recruitment Specialist
4799,IT Support Engineer
9228,Bank Audit Officer
7122,Data Engineer
5163,Construction Manager
656,Civil/Environmental Engineer
6591,Machine Learning Engineer
4092,Software Engineer
1726,Admin & Safety Officer
1246,VAT & Finance Officer
518,Software Engineer
8184,Software Engineer
3223,Civil/Structural Engineer
5089,Network Engineer
3450,Construction Manager
727,Mechanical Design Engineer
7661,HR & Recruitment Specialist
7964,Maintenance Engineer
9036,IT Support Engineer
8197,Software Engineer
4950,Data Engineer
279,Mechanical Design Engineer
3506,IT Support Engineer
7763,Data Engineer
4612,Civil/Structural Engineer
7284,Construction Manager
8330,Network Engineer
2820,Bank Audit Officer
6070,Construction Manager
5206,Full Stack Developer
4486,Software Engineer
2113,Data Engineer
1448,Marketing Manager
2600,IT Support Engineer
980,Apparel Sourcing Manager
7322,Data Engineer
6321,Maintenance Engineer
4749,DevOps Engineer
1193,Construction Manager
1484,Software Engineer
1771,Bank Audit Officer
7732,iOS Developer
3428,Digital Marketing Manager
3256,Mechanical Design Engineer
945,Mechanical Design Engineer
1938,Database Administrator
802,Management Trainee
3168,IT Systems Admin
3780,HR Manager
6299,IT Support Engineer
7680,Apparel Sourcing Manager
5654,IT Infrastructure Engineer
6811,Admin & Safety Officer
3532,IT Support Engineer
4945,Software Engineer
3035,Bank Audit Officer
8714,Machine Learning Engineer
6834,Data Engineer
3619,Admin & Safety Officer
8959,Apparel Sourcing Manager
8369,Digital Marketing Manager
7821,Mechanical Design Engineer
4864,Digital Marketing Manager
633,Construction Manager
4672,Machine Learning Engineer
2363,Management Trainee
435,Construction Manager
3514,Civil/Environmental Engineer
2342,Digital Marketing Manager
7675,iOS Developer
503,Machine Learning Engineer
6046,Civil/Structural Engineer
7628,Apparel Sourcing Manager
4276,Construction Manager
4095,Civil/Structural Engineer
8499,Senior ML/NLP Engineer
3010,AI & Deep Learning Engineer
5075,iOS Developer
2250,Management Trainee
5499,Data Engineer
7564,IT Support Engineer
4639,Mechanical Design Engineer
3757,Civil/Environmental Engineer
4724,Software Engineer
8982,IT Support Engineer
4941,Internal Auditor
3912,Apparel Sourcing Manager
4519,Management Trainee
6001,DevOps Engineer
4733,Full Stack Developer
8493,Apparel Sourcing Manager
5992,IT Support Engineer
8677,Mechanical Design Engineer
3932,Management Trainee
5489,Construction Manager
8482,Data Engineer
3092,Marketing Manager
6045,Database Administrator
4392,Data Engineer
4265,Senior ML/NLP Engineer
8673,Civil/Environmental Engineer
4687,IT Support Engineer
2160,Database Administrator
1979,AI & Deep Learning Engineer
5718,VAT & Finance Officer
637,IT Infrastructure Engineer
3045,Machine Learning Engineer
307,Apparel Sourcing Manager
2161,Full Stack Developer
1995,Admin & Safety Officer
1767,AI & Deep Learning Engineer
7473,VAT & Finance Officer
3567,VAT & Finance Officer
8806,Database Administrator
5074,Management Trainee
1580,Mechanical Design Engineer
5221,IT Infrastructure Engineer
3104,Database Administrator
33,iOS Developer
623,Apparel Sourcing Manager
651,Apparel Sourcing Manager
8165,HR & Recruitment Specialist
4647,Bank Audit Officer
5400,Senior ML/NLP Engineer
3512,Management Trainee
8126,Civil/Structural Engineer
8993,Maintenance Engineer
4996,Marketing Manager
2184,Construction Manager
6576,IT Support Engineer
3487,IT Support Engineer
894,Digital Marketing Manager
7907,Civil/Environmental Engineer
1099,Full Stack Developer
654,DevOps Engineer
3197,Construction Manager
2968,Civil/Environmental Engineer
5393,DevOps Engineer
1867,Management Trainee
1574,Full Stack Developer
4524,HR Manager
5397,AI & Deep Learning Engineer
7931,DevOps Engineer
5282,IT Systems Admin
1403,Digital Marketing Manager
1549,Admin & Safety Officer
3496,HR & Recruitment Specialist
1943,Mechanical Design Engineer
5960,Digital Marketing Manager
1006,iOS Developer
5997,Database Administrator
5512,IT Systems Admin
6633,Civil/Structural Engineer
1620,Software Engineer
275,IT Infrastructure Engineer
3089,Full Stack Developer
4750,HR & Recruitment Specialist
9260,VAT & Finance Officer
8104,Senior ML/NLP Engineer
1450,Network Engineer
1499,Internal Auditor
6940,iOS Developer
4348,Bank Audit Officer
1719,IT Infrastructure Engineer
252,Senior ML/NLP Engineer
3618,Mechanical Design Engineer
1055,Civil/Structural Engineer
7455,IT Systems Admin
4418,Admin & Safety Officer
6644,HR Manager
5773,Network Engineer
3385,Full Stack Developer
2682,IT Infrastructure Engineer
8826,Management Trainee
5134,Civil/Structural Engineer
7482,Bank Audit Officer
1860,VAT & Finance Officer
8417,AI & Deep Learning Engineer
9262,Digital Marketing Manager
874,Management Trainee
2573,Marketing Manager
8344,IT Support Engineer
7076,Civil/Environmental Engineer
5642,Apparel Sourcing Manager
3607,Database Administrator
7919,Civil/Structural Engineer
5233,Marketing Manager
5652,Construction Manager
8918,VAT & Finance Officer
1609,IT Infrastructure Engineer
8066,Network Engineer
247,Maintenance Engineer
6335,iOS Developer
3621,Full Stack Developer
1455,Mechanical Design Engineer
6196,IT Infrastructure Engineer
5310,Maintenance Engineer
3955,Digital Marketing Manager
479,Data Engineer
7922,Machine Learning Engineer
4869,Mechanical Design Engineer
8827,Construction Manager
119,iOS Developer
721,Bank Audit Officer
2606,Admin & Safety Officer
2214,DevOps Engineer
3433,Apparel Sourcing Manager
6549,Internal Auditor
3760,Data Engineer
2140,Civil/Environmental Engineer
8703,Senior ML/NLP Engineer
1831,Network Engineer
2495,Construction Manager
3751,Civil/Environmental Engineer
9102,VAT & Finance Officer
3894,Mechanical Design Engineer
6540,iOS Developer
2614,Bank Audit Officer
3856,Civil/Structural Engineer
4367,Admin & Safety Officer
1228,IT Infrastructure Engineer
5409,Database Administrator
692,Mechanical Design Engineer
7382,Digital Marketing Manager
5461,iOS Developer
6592,Management Trainee
713,Marketing Manager
8834,Database Administrator
5603,IT Infrastructure Engineer
8640,DevOps Engineer
1618,HR & Recruitment Specialist
895,HR Manager
3663,Senior ML/NLP Engineer
9229,Data Engineer
6756,Internal Auditor
8431,DevOps Engineer
6828,Network Engineer
2220,IT Infrastructure Engineer
5691,Software Engineer
6023,HR & Recruitment Specialist
6011,Full Stack Developer
6676,IT Support Engineer
1654,Digital Marketing Manager
3518,Mechanical Design Engineer
8606,Apparel Sourcing Manager
1341,Senior ML/NLP Engineer
5150,Network Engineer
2669,Software Engineer
7843,IT Infrastructure Engineer
7414,IT Infrastructure Engineer
8814,iOS Developer
230,Mechanical Design Engineer
3521,Civil/Structural Engineer
3415,Internal Auditor
6126,Maintenance Engineer
2522,Marketing Manager
3704,AI & Deep Learning Engineer
8162,Network Engineer
8264,Senior ML/NLP Engineer
9236,Apparel Sourcing Manager
1847,Senior ML/NLP Engineer
1367,VAT & Finance Officer
1677,Construction Manager
9050,Management Trainee
4098,Internal Auditor
3246,Senior ML/NLP Engineer
5254,iOS Developer
7863,Internal Auditor
9346,Admin & Safety Officer
1139,Marketing Manager
8748,Software Engineer
4490,Civil/Environmental Engineer
7401,Database Administrator
5281,Civil/Structural Engineer
3107,Machine Learning Engineer
767,HR Manager
6443,IT Infrastructure Engineer
8828,Database Administrator
3440,IT Infrastructure Engineer
2547,Internal Auditor
4085,VAT & Finance Officer
2633,Management Trainee
5694,Civil/Structural Engineer
8133,Bank Audit Officer
4571,Management Trainee
5675,IT Infrastructure Engineer
7253,Civil/Environmental Engineer
6295,Mechanical Design Engineer
8315,VAT & Finance Officer
3248,Full Stack Developer
358,Civil/Environmental Engineer
8715,Database Administrator
4041,Apparel Sourcing Manager
6909,IT Infrastructure Engineer
1321,Admin & Safety Officer
4830,IT Support Engineer
8973,Marketing Manager
787,Marketing Manager
1177,Apparel Sourcing Manager
6359,Admin & Safety Officer
5909,Digital Marketing Manager
51,iOS Developer
2865,Full Stack Developer
8307,IT Systems Admin
217,DevOps Engineer
6270,IT Systems Admin
3146,Machine Learning Engineer
1838,AI & Deep Learning Engineer
6337,Data Engineer
5372,HR Manager
589,IT Infrastructure Engineer
4886,HR & Recruitment Specialist
6224,Civil/Environmental Engineer
7788,IT Infrastructure Engineer
5970,Bank Audit Officer
3850,Construction Manager
3335,Digital Marketing Manager
3121,Full Stack Developer
8916,Mechanical Design Engineer
1815,Construction Manager
9271,HR & Recruitment Specialist
8985,Maintenance Engineer
751,Senior ML/NLP Engineer
726,Senior ML/NLP Engineer
2575,AI & Deep Learning Engineer
5648,Maintenance Engineer
7500,Civil/Environmental Engineer
4291,IT Infrastructure Engineer
3466,Construction Manager
4995,Database Administrator
7658,Apparel Sourcing Manager
4075,Civil/Structural Engineer
7826,IT Support Engineer
9068,Database Administrator
7338,Internal Auditor
4820,Management Trainee
3007,Digital Marketing Manager
7867,Bank Audit Officer
8265,AI & Deep Learning Engineer
8058,Internal Auditor
6625,Senior ML/NLP Engineer
387,Civil/Structural Engineer
2591,IT Support Engineer
4600,Admin & Safety Officer
1397,Civil/Environmental Engineer
3205,Marketing Manager
1513,iOS Developer
7927,Network Engineer
7381,Management Trainee
762,VAT & Finance Officer
3696,IT Support Engineer
4241,IT Infrastructure Engineer
1486,Apparel Sourcing Manager
3968,VAT & Finance Officer
6955,Maintenance Engineer
8048,Data Engineer
7227,Data Engineer
2006,Management Trainee
3280,Full Stack Developer
3758,Full Stack Developer
3785,Database Administrator
1779,Network Engineer
2366,HR & Recruitment Specialist
2622,Bank Audit Officer
8816,Network Engineer
1520,Machine Learning Engineer
1946,Senior ML/NLP Engineer
6847,Data Engineer
3196,VAT & Finance Officer
925,Management Trainee
5637,Admin & Safety Officer
7243,Civil/Structural Engineer
3669,Apparel Sourcing Manager
4655,Digital Marketing Manager
7859,IT Systems Admin
2937,Network Engineer
8484,IT Infrastructure Engineer
1141,Software Engineer
5907,Internal Auditor
5666,Civil/Environmental Engineer
7420,DevOps Engineer
7269,Admin & Safety Officer
1297,AI & Deep Learning Engineer
8937,Civil/Environmental Engineer
4008,Management Trainee
7710,HR Manager
7168,Bank Audit Officer
5726,Mechanical Design Engineer
4421,HR Manager
6506,iOS Developer
3442,Machine Learning Engineer
970,Database Administrator
7889,Maintenance Engineer
2912,Marketing Manager
2921,IT Support Engineer
5991,IT Support Engineer
5369,Admin & Safety Officer
3001,iOS Developer
5088,Internal Auditor
121,Marketing Manager
2270,Data Engineer
4634,Civil/Environmental Engineer
572,Bank Audit Officer
7350,Software Engineer
8179,IT Infrastructure Engineer
8847,Management Trainee
3671,Software Engineer
1247,Machine Learning Engineer
1072,Network Engineer
7742,Data Engineer
5968,Senior ML/NLP Engineer
6038,Internal Auditor
6786,IT Infrastructure Engineer
7565,Software Engineer
8415,Management Trainee
4520,Construction Manager
5153,Marketing Manager
838,Internal Auditor
7676,DevOps Engineer
9304,Machine Learning Engineer
3691,Full Stack Developer
7230,Civil/Environmental Engineer
4384,Construction Manager
3069,Bank Audit Officer
4912,Management Trainee
3520,Digital Marketing Manager
6221,Database Administrator
63,iOS Developer
2720,DevOps Engineer
365,DevOps Engineer
427,Admin & Safety Officer
6382,Mechanical Design Engineer
3946,VAT & Finance Officer
1540,Mechanical Design Engineer
5791,Civil/Environmental Engineer
902,IT Infrastructure Engineer
272,Senior ML/NLP Engineer
4400,HR Manager
1115,Civil/Environmental Engineer
5242,AI & Deep Learning Engineer
147,Construction Manager
8692,Data Engineer
2848,Senior ML/NLP Engineer
3748,Admin & Safety Officer
8535,Data Engineer
7886,IT Systems Admin
1176,IT Systems Admin
8238,IT Support Engineer
473,Construction Manager
4493,Construction Manager
7173,Civil/Structural Engineer
2592,Network Engineer
3379,Admin & Safety Officer
3695,Database Administrator
3812,IT Infrastructure Engineer
4964,Digital Marketing Manager
7164,Database Administrator
8490,Maintenance Engineer
5293,IT Systems Admin
2656,VAT & Finance Officer
1692,Civil/Structural Engineer
7088,Data Engineer
2083,HR Manager
5902,AI & Deep Learning Engineer
8311,IT Infrastructure Engineer
5329,Mechanical Design Engineer
6827,Maintenance Engineer
2667,Data Engineer
1550,Marketing Manager
3793,Senior ML/NLP Engineer
657,Bank Audit Officer
8646,Internal Auditor
8120,HR & Recruitment Specialist
4192,Data Engineer
6002,HR Manager
737,VAT & Finance Officer
3700,iOS Developer
7847,IT Infrastructure Engineer
6740,IT Infrastructure Engineer
8399,Machine Learning Engineer
6559,HR Manager
5533,IT Support Engineer
6605,Full Stack Developer
7279,Bank Audit Officer
4822,Civil/Environmental Engineer
3424,Civil/Structural Engineer
3824,Construction Manager
4318,Mechanical Design Engineer
379,Senior ML/NLP Engineer
8078,Civil/Environmental Engineer
4269,IT Support Engineer
4662,iOS Developer
5563,IT Systems Admin
5604,AI & Deep Learning Engineer
5826,Database Administrator
5852,Senior ML/NLP Engineer
9057,Data Engineer
6084,Marketing Manager
1809,Full Stack Developer
7656,Bank Audit Officer
7341,IT Infrastructure Engineer
5438,Bank Audit Officer
3668,Civil/Environmental Engineer
6105,Civil/Structural Engineer
1350,Senior ML/NLP Engineer
5763,Civil/Environmental Engineer
7992,Database Administrator
6326,Database Administrator
644,VAT & Finance Officer
1863,Management Trainee
8342,Database Administrator
6732,Database Administrator
1424,Software Engineer
4531,Network Engineer
7877,Full Stack Developer
3562,Management Trainee
9130,Full Stack Developer
2190,Senior ML/NLP Engineer
6159,Digital Marketing Manager
4299,Network Engineer
7289,DevOps Engineer
3781,DevOps Engineer
6114,IT Support Engineer
3249,Mechanical Design Engineer
4009,Maintenance Engineer
619,Data Engineer
5451,Digital Marketing Manager
4917,Bank Audit Officer
9052,Internal Auditor
3561,AI & Deep Learning Engineer
950,Bank Audit Officer
8709,Digital Marketing Manager
2477,HR Manager
6881,HR Manager
2489,Data Engineer
2341,HR & Recruitment Specialist
5501,Bank Audit Officer
969,Database Administrator
6093,Maintenance Engineer
2080,IT Support Engineer
4608,HR Manager
7817,IT Systems Admin
7024,Civil/Environmental Engineer
798,AI & Deep Learning Engineer
5079,DevOps Engineer
5487,AI & Deep Learning Engineer
4402,DevOps Engineer
6290,DevOps Engineer
1701,Senior ML/NLP Engineer
8442,Database Administrator
8419,IT Infrastructure Engineer
3436,Mechanical Design Engineer
6281,HR & Recruitment Specialist
3053,IT Support Engineer
1974,Mechanical Design Engineer
7951,AI & Deep Learning Engineer
4770,Construction Manager
2729,Maintenance Engineer
2586,IT Support Engineer
6631,DevOps Engineer
2453,Senior ML/NLP Engineer
3112,iOS Developer
15,Database Administrator
4406,Civil/Structural Engineer
6302,Software Engineer
1597,Marketing Manager
3491,Network Engineer
1783,Civil/Environmental Engineer
3949,Apparel Sourcing Manager
625,Admin & Safety Officer
7691,Maintenance Engineer
8558,Digital Marketing Manager
3502,iOS Developer
9055,AI & Deep Learning Engineer
268,Maintenance Engineer
9314,AI & Deep Learning Engineer
5280,VAT & Finance Officer
6465,Senior ML/NLP Engineer
9205,DevOps Engineer
5583,IT Systems Admin
2779,Bank Audit Officer
1091,Digital Marketing Manager
2654,Management Trainee
6347,Network Engineer
3835,Mechanical Design Engineer
5275,IT Infrastructure Engineer
7301,Management Trainee
5703,Admin & Safety Officer
3159,IT Infrastructure Engineer
5298,IT Support Engineer
4831,Civil/Environmental Engineer
2325,Construction Manager
5591,Admin & Safety Officer
1243,Machine Learning Engineer
7379,Internal Auditor
7558,IT Systems Admin
7752,Data Engineer
6511,IT Support Engineer
6452,Civil/Environmental Engineer
5211,Database Administrator
7120,Construction Manager
7060,Management Trainee
5514,Civil/Environmental Engineer
5300,HR & Recruitment Specialist
6017,Senior ML/NLP Engineer
2983,Apparel Sourcing Manager
7380,Maintenance Engineer
8125,Digital Marketing Manager
8075,VAT & Finance Officer
2704,Maintenance Engineer
3429,Software Engineer
7267,Software Engineer
3190,Database Administrator
7502,Marketing Manager
3531,iOS Developer
3790,Full Stack Developer
2909,iOS Developer
835,IT Infrastructure Engineer
8190,IT Support Engineer
5593,Data Engineer
5523,iOS Developer
4478,HR Manager
5404,Apparel Sourcing Manager
448,Marketing Manager
3783,Digital Marketing Manager
6175,IT Infrastructure Engineer
3370,Mechanical Design Engineer
120,IT Infrastructure Engineer
8088,Full Stack Developer
6350,Civil/Environmental Engineer
101,VAT & Finance Officer
6316,Database Administrator
3776,Machine Learning Engineer
6104,VAT & Finance Officer
7003,Admin & Safety Officer
2293,Digital Marketing Manager
5362,Data Engineer
4704,Apparel Sourcing Manager
61,Machine Learning Engineer
981,Civil/Environmental Engineer
7920,Data Engineer
6099,DevOps Engineer
1114,Software Engineer
8450,HR & Recruitment Specialist
3178,Senior ML/NLP Engineer
5359,IT Systems Admin
7487,Digital Marketing Manager
484,iOS Developer
2961,Bank Audit Officer
996,Senior ML/NLP Engineer
6294,Data Engineer
1335,IT Infrastructure Engineer
3425,VAT & Finance Officer
4825,AI & Deep Learning Engineer
2523,Network Engineer
8702,Database Administrator
3133,Civil/Structural Engineer
9012,HR & Recruitment Specialist
4613,VAT & Finance Officer
3116,AI & Deep Learning Engineer
6930,AI & Deep Learning Engineer
9219,Senior ML/NLP Engineer
5994,AI & Deep Learning Engineer
7163,Civil/Environmental Engineer
4804,iOS Developer
542,Data Engineer
395,Database Administrator
2975,Data Engineer
6614,Apparel Sourcing Manager
3183,HR & Recruitment Specialist
5534,IT Infrastructure Engineer
8455,Construction Manager
8679,Mechanical Design Engineer
6916,Mechanical Design Engineer
5869,Maintenance Engineer
2950,Database Administrator
1977,Network Engineer
3721,Apparel Sourcing Manager
8779,Apparel Sourcing Manager
5049,Management Trainee
1565,Apparel Sourcing Manager
3875,Digital Marketing Manager
1466,Civil/Environmental Engineer
7103,Marketing Manager
5911,Software Engineer
731,Mechanical Design Engineer
4229,Apparel Sourcing Manager
8347,HR Manager
6212,Management Trainee
2400,Marketing Manager
8998,Full Stack Developer
5567,Apparel Sourcing Manager
5318,Bank Audit Officer
5104,Maintenance Engineer
6653,Internal Auditor
684,Civil/Structural Engineer
2763,Full Stack Developer
8403,IT Infrastructure Engineer
2766,Software Engineer
5530,Network Engineer
3166,Database Administrator
1197,Internal Auditor
5856,DevOps Engineer
997,Marketing Manager
4040,IT Systems Admin
4415,Civil/Environmental Engineer
6900,Apparel Sourcing Manager
5910,Management Trainee
5600,Civil/Structural Engineer
675,Civil/Structural Engineer
4487,Marketing Manager
852,Machine Learning Engineer
3028,Civil/Environmental Engineer
1928,IT Infrastructure Engineer
3413,Apparel Sourcing Manager
2419,IT Support Engineer
1961,Internal Auditor
8833,IT Support Engineer
1073,AI & Deep Learning Engineer
9266,HR Manager
6931,Database Administrator
1658,Marketing Manager
2663,Software Engineer
2009,DevOps Engineer
9235,Management Trainee
4681,Data Engineer
7665,Full Stack Developer
806,Admin & Safety Officer
4472,Software Engineer
7651,AI & Deep Learning Engineer
6492,HR Manager
8914,DevOps Engineer
864,Construction Manager
9292,AI & Deep Learning Engineer
7363,VAT & Finance Officer
7056,Internal Auditor
7105,IT Systems Admin
3906,Data Engineer
8252,VAT & Finance Officer
7652,Full Stack Developer
1832,Full Stack Developer
4727,Mechanical Design Engineer
6994,HR & Recruitment Specialist
1821,Full Stack Developer
7391,Bank Audit Officer
6918,Bank Audit Officer
3827,HR & Recruitment Specialist
8670,IT Systems Admin
4742,iOS Developer
4508,HR Manager
3730,Senior ML/NLP Engineer
2178,Senior ML/NLP Engineer
9089,Civil/Structural Engineer
6438,IT Infrastructure Engineer
1748,Network Engineer
3537,Digital Marketing Manager
4597,Database Administrator
2526,AI & Deep Learning Engineer
8760,Civil/Environmental Engineer
567,Data Engineer
1428,VAT & Finance Officer
9340,Admin & Safety Officer
8341,Civil/Environmental Engineer
6635,Civil/Structural Engineer
3675,Mechanical Design Engineer
5314,IT Systems Admin
836,IT Systems Admin
7876,VAT & Finance Officer
8214,Civil/Structural Engineer
269,Apparel Sourcing Manager
1130,Internal Auditor
6018,Marketing Manager
979,DevOps Engineer
1888,Civil/Structural Engineer
8910,VAT & Finance Officer
2073,Admin & Safety Officer
2280,Data Engineer
9242,Apparel Sourcing Manager
5398,AI & Deep Learning Engineer
3582,Data Engineer
3500,Software Engineer
4248,Maintenance Engineer
1223,Internal Auditor
5765,Civil/Structural Engineer
6697,Full Stack Developer
5995,Internal Auditor
938,Bank Audit Officer
5470,Software Engineer
8706,Digital Marketing Manager
1337,IT Support Engineer
8169,HR Manager
8479,Digital Marketing Manager
1976,IT Support Engineer
9021,Network Engineer
7276,Civil/Structural Engineer
5003,Management Trainee
3897,IT Systems Admin
9124,IT Support Engineer
2114,iOS Developer
7791,Marketing Manager
4901,DevOps Engineer
618,HR Manager
7980,AI & Deep Learning Engineer
4627,HR Manager
8453,Senior ML/NLP Engineer
3484,Network Engineer
3755,Civil/Structural Engineer
2108,Construction Manager
7755,Bank Audit Officer
3828,Marketing Manager
2703,Mechanical Design Engineer
6233,Civil/Environmental Engineer
5897,Database Administrator
1309,Bank Audit Officer
6305,Software Engineer
8280,Construction Manager
2941,Senior ML/NLP Engineer
1675,Mechanical Design Engineer
6530,Database Administrator
467,Management Trainee
1346,HR & Recruitment Specialist
2903,Database Administrator
2065,Civil/Structural Engineer
6210,Digital Marketing Manager
3614,Database Administrator
3176,iOS Developer
3206,Maintenance Engineer
8962,Data Engineer
3461,VAT & Finance Officer
2871,Machine Learning Engineer
1316,AI & Deep Learning Engineer
9284,IT Infrastructure Engineer
3919,HR & Recruitment Specialist
9270,Digital Marketing Manager
5610,Database Administrator
5933,Data Engineer
6544,Full Stack Developer
4029,HR & Recruitment Specialist
2450,Data Engineer
4975,Civil/Structural Engineer
8878,Bank Audit Officer
6832,Network Engineer
7421,VAT & Finance Officer
196,Network Engineer
5990,Database Administrator
9291,Internal Auditor
1144,Database Administrator
5893,HR Manager
5653,DevOps Engineer
294,Database Administrator
4604,DevOps Engineer
2610,Apparel Sourcing Manager
8863,Digital Marketing Manager
851,Digital Marketing Manager
2943,Senior ML/NLP Engineer
3016,Management Trainee
1181,Software Engineer
8067,Software Engineer
2347,Digital Marketing Manager
3504,IT Systems Admin
4165,IT Support Engineer
2235,Data Engineer
2254,DevOps Engineer
3633,Bank Audit Officer
3110,HR Manager
1528,Database Administrator
5383,Management Trainee
7840,HR Manager
93,AI & Deep Learning Engineer
4424,iOS Developer
5714,Machine Learning Engineer
6317,Digital Marketing Manager
4498,Maintenance Engineer
6837,Full Stack Developer
2331,IT Support Engineer
4117,Admin & Safety Officer
2861,Civil/Structural Engineer
6821,VAT & Finance Officer
8070,Civil/Structural Engineer
2935,HR & Recruitment Specialist
1059,Construction Manager
8507,Database Administrator
6575,DevOps Engineer
7577,IT Infrastructure Engineer
1965,Marketing Manager
2959,Construction Manager
7328,Digital Marketing Manager
3540,Machine Learning Engineer
8376,Mechanical Design Engineer
4887,Marketing Manager
8686,Data Engineer
3794,Database Administrator
3519,VAT & Finance Officer
3930,Network Engineer
7683,Mechanical Design Engineer
8284,HR & Recruitment Specialist
5467,Senior ML/NLP Engineer
7511,DevOps Engineer
6090,Data Engineer
8279,Machine Learning Engineer
9164,Internal Auditor
3923,Management Trainee
4728,Construction Manager
7217,iOS Developer
8124,HR & Recruitment Specialist
7582,Civil/Environmental Engineer
7566,Full Stack Developer
1467,Civil/Structural Engineer
364,Maintenance Engineer
8231,VAT & Finance Officer
8174,Software Engineer
2745,Software Engineer
2452,Internal Auditor
407,Admin & Safety Officer
7756,Bank Audit Officer
546,AI & Deep Learning Engineer
7729,Database Administrator
2156,Marketing Manager
3859,Network Engineer
842,Software Engineer
2098,IT Support Engineer
8489,VAT & Finance Officer
261,IT Infrastructure Engineer
5682,Management Trainee
3418,Civil/Structural Engineer
5696,Admin & Safety Officer
3507,Senior ML/NLP Engineer
468,Maintenance Engineer
5006,iOS Developer
5232,Senior ML/NLP Engineer
8964,Bank Audit Officer
8551,IT Support Engineer
2365,Internal Auditor
7807,DevOps Engineer
7737,Management Trainee
2634,Database Administrator
4491,Maintenance Engineer
3453,Software Engineer
9247,HR Manager
6630,Internal Auditor
2340,Full Stack Developer
1445,Civil/Environmental Engineer
8390,Network Engineer
8203,Civil/Environmental Engineer
4118,Apparel Sourcing Manager
6220,IT Support Engineer
1682,Network Engineer
6021,Data Engineer
1474,Software Engineer
4934,Maintenance Engineer
6194,Bank Audit Officer
4450,Data Engineer
3616,Digital Marketing Manager
7053,Internal Auditor
757,HR & Recruitment Specialist
815,Data Engineer
9315,Digital Marketing Manager
2877,Admin & Safety Officer
3124,Apparel Sourcing Manager
2176,IT Systems Admin
4620,IT Infrastructure Engineer
728,IT Systems Admin
9026,Management Trainee
2188,VAT & Finance Officer
9177,Maintenance Engineer
2304,Full Stack Developer
4859,VAT & Finance Officer
1405,AI & Deep Learning Engineer
7879,IT Infrastructure Engineer
4054,Mechanical Design Engineer
3114,Admin & Safety Officer
555,Civil/Environmental Engineer
9143,Apparel Sourcing Manager
5262,Civil/Environmental Engineer
7219,Admin & Safety Officer
8000,Maintenance Engineer
7706,Construction Manager
4321,AI & Deep Learning Engineer
5449,Network Engineer
7824,Senior ML/NLP Engineer
3768,Full Stack Developer
3333,Internal Auditor
5491,IT Support Engineer
508,Civil/Structural Engineer
742,Internal Auditor
6600,Mechanical Design Engineer
2517,Apparel Sourcing Manager
5877,Bank Audit Officer
8269,IT Support Engineer
1257,Machine Learning Engineer
360,Mechanical Design Engineer
4691,Full Stack Developer
6595,Apparel Sourcing Manager
650,VAT & Finance Officer
4885,Admin & Safety Officer
9008,Construction Manager
6442,Management Trainee
1876,IT Infrastructure Engineer
4324,Bank Audit Officer
3544,Civil/Structural Engineer
660,IT Support Engineer
6075,Machine Learning Engineer
8234,Marketing Manager
7037,Management Trainee
4131,Network Engineer
7902,IT Infrastructure Engineer
5844,Digital Marketing Manager
5228,Senior ML/NLP Engineer
7685,IT Support Engineer
457,Network Engineer
1038,IT Infrastructure Engineer
2071,Internal Auditor
3524,HR Manager
1900,iOS Developer
1069,Full Stack Developer
3611,Management Trainee
5650,Marketing Manager
952,IT Systems Admin
2881,Civil/Structural Engineer
6810,Digital Marketing Manager
5818,IT Support Engineer
8194,DevOps Engineer
7394,HR & Recruitment Specialist
9232,Marketing Manager
8860,Full Stack Developer
8423,Civil/Structural Engineer
3910,Admin & Safety Officer
3061,Digital Marketing Manager
4144,Admin & Safety Officer
8682,Admin & Safety Officer
1447,Machine Learning Engineer
456,Civil/Structural Engineer
244,HR & Recruitment Specialist
7909,HR Manager
221,IT Systems Admin
5068,Apparel Sourcing Manager
9132,Database Administrator
3742,Full Stack Developer
6401,Civil/Environmental Engineer
8513,Internal Auditor
2661,Management Trainee
3617,IT Infrastructure Engineer
8425,IT Infrastructure Engineer
5072,Internal Auditor
3431,Machine Learning Engineer
9053,VAT & Finance Officer
853,Digital Marketing Manager
3269,HR & Recruitment Specialist
7477,Maintenance Engineer
2479,AI & Deep Learning Engineer
639,Civil/Environmental Engineer
8841,Digital Marketing Manager
5189,AI & Deep Learning Engineer
2364,AI & Deep Learning Engineer
7939,IT Infrastructure Engineer
2716,IT Infrastructure Engineer
2435,Civil/Environmental Engineer
4250,Maintenance Engineer
90,Data Engineer
6265,IT Infrastructure Engineer
2218,IT Support Engineer
8555,Full Stack Developer
6693,Management Trainee
5540,AI & Deep Learning Engineer
9179,Maintenance Engineer
3314,Network Engineer
6550,Management Trainee
419,DevOps Engineer
717,Network Engineer
4496,DevOps Engineer
8182,Marketing Manager
7647,HR Manager
2719,iOS Developer
2424,Mechanical Design Engineer
2153,Management Trainee
949,HR & Recruitment Specialist
8656,Database Administrator
3390,IT Infrastructure Engineer
3737,IT Infrastructure Engineer
4925,HR & Recruitment Specialist
5043,VAT & Finance Officer
5989,VAT & Finance Officer
4366,Management Trainee
3535,Civil/Structural Engineer
5170,Network Engineer
5486,HR Manager
7095,Software Engineer
8112,Full Stack Developer
2356,Management Trainee
3199,Digital Marketing Manager
769,Full Stack Developer
6449,IT Infrastructure Engineer
8911,Senior ML/NLP Engineer
1238,Apparel Sourcing Manager
1661,Apparel Sourcing Manager
6219,Management Trainee
9202,AI & Deep Learning Engineer
1886,Bank Audit Officer
2031,Senior ML/NLP Engineer
3877,Management Trainee
8854,Civil/Structural Engineer
8045,Database Administrator
4033,Apparel Sourcing Manager
2023,IT Infrastructure Engineer
2870,DevOps Engineer
5080,Civil/Structural Engineer
6579,Machine Learning Engineer
541,Maintenance Engineer
1490,Bank Audit Officer
4053,HR & Recruitment Specialist
897,Machine Learning Engineer
8384,Admin & Safety Officer
8658,Civil/Environmental Engineer
4106,HR & Recruitment Specialist
1511,Civil/Structural Engineer
7,iOS Developer
7792,HR Manager
2308,VAT & Finance Officer
8277,Marketing Manager
5147,Mechanical Design Engineer
4440,AI & Deep Learning Engineer
4986,Software Engineer
3881,Network Engineer
810,IT Infrastructure Engineer
8200,Digital Marketing Manager
2460,DevOps Engineer
1372,Admin & Safety Officer
3093,DevOps Engineer
4004,Construction Manager
6136,Civil/Environmental Engineer
5784,Civil/Environmental Engineer
9256,Internal Auditor
8981,Network Engineer
926,IT Systems Admin
2578,Mechanical Design Engineer
5330,Admin & Safety Officer
8587,Mechanical Design Engineer
8700,Construction Manager
3036,iOS Developer
1116,Mechanical Design Engineer
8534,Civil/Environmental Engineer
6081,Software Engineer
7852,Machine Learning Engineer
4560,Mechanical Design Engineer
5569,HR Manager
6974,Network Engineer
2436,IT Infrastructure Engineer
7283,Management Trainee
7035,Digital Marketing Manager
7780,iOS Developer
4300,IT Systems Admin
3788,IT Support Engineer
3337,Management Trainee
7072,Construction Manager
9127,iOS Developer
7161,IT Systems Admin
4240,HR & Recruitment Specialist
710,Apparel Sourcing Manager
4834,Machine Learning Engineer
2390,Marketing Manager
2485,Full Stack Developer
7942,Internal Auditor
157,Civil/Structural Engineer
1515,Management Trainee
8675,Senior ML/NLP Engineer
4625,Apparel Sourcing Manager
2222,IT Systems Admin
273,Marketing Manager
4731,Machine Learning Engineer
6527,Bank Audit Officer
3260,AI & Deep Learning Engineer
4268,Digital Marketing Manager
5769,Network Engineer
7831,Network Engineer
9003,Admin & Safety Officer
5977,iOS Developer
366,Digital Marketing Manager
3818,Network Engineer
4665,Software Engineer
8722,Mechanical Design Engineer
8192,Construction Manager
7882,AI & Deep Learning Engineer
8584,Senior ML/NLP Engineer
6755,Internal Auditor
6122,IT Infrastructure Engineer
4884,Apparel Sourcing Manager
2543,Internal Auditor
5387,IT Systems Admin
2878,Network Engineer
2144,IT Infrastructure Engineer
8159,Full Stack Developer
4410,Machine Learning Engineer
1762,Machine Learning Engineer
6761,Civil/Structural Engineer
6394,Full Stack Developer
7536,Maintenance Engineer
4899,HR & Recruitment Specialist
2312,HR Manager
2371,Construction Manager
4403,Digital Marketing Manager
8921,HR & Recruitment Specialist
8975,Data Engineer
4160,DevOps Engineer
1364,Data Engineer
8275,IT Infrastructure Engineer
3325,Database Administrator
3204,HR & Recruitment Specialist
3653,Civil/Structural Engineer
8283,Bank Audit Officer
8685,DevOps Engineer
8742,iOS Developer
5256,Marketing Manager
4018,iOS Developer
8208,Civil/Structural Engineer
9034,Software Engineer
4275,HR & Recruitment Specialist
9142,IT Infrastructure Engineer
4042,Internal Auditor
8246,Civil/Structural Engineer
1853,IT Infrastructure Engineer
3942,DevOps Engineer
6179,Apparel Sourcing Manager
892,Digital Marketing Manager
5226,iOS Developer
4618,Digital Marketing Manager
1637,Internal Auditor
5543,Full Stack Developer
7278,Construction Manager
281,Internal Auditor
6066,Admin & Safety Officer
9241,Maintenance Engineer
3907,Maintenance Engineer
37,VAT & Finance Officer
3642,Apparel Sourcing Manager
3194,Civil/Environmental Engineer
7212,Bank Audit Officer
2927,Digital Marketing Manager
3040,DevOps Engineer
5345,Marketing Manager
6424,Database Administrator
1690,Admin & Safety Officer
5414,Full Stack Developer
3485,Digital Marketing Manager
8371,HR & Recruitment Specialist
2426,IT Infrastructure Engineer
3692,Admin & Safety Officer
2771,iOS Developer
8059,Internal Auditor
2955,VAT & Finance Officer
6904,IT Infrastructure Engineer
3672,Bank Audit Officer
2677,Software Engineer
1075,Apparel Sourcing Manager
946,Admin & Safety Officer
2583,IT Support Engineer
6325,Mechanical Design Engineer
8188,Civil/Structural Engineer
1834,HR & Recruitment Specialist
6370,Admin & Safety Officer
7258,Machine Learning Engineer
5526,Bank Audit Officer
2272,IT Systems Admin
2854,Apparel Sourcing Manager
7308,HR & Recruitment Specialist
8768,HR Manager
3023,Civil/Environmental Engineer
3964,Full Stack Developer
2379,Admin & Safety Officer
4829,Marketing Manager
3901,Management Trainee
2738,IT Infrastructure Engineer
6053,Marketing Manager
8568,Civil/Structural Engineer
5396,Mechanical Design Engineer
4861,Construction Manager
4460,Internal Auditor
8511,Apparel Sourcing Manager
9185,Mechanical Design Engineer
9069,Machine Learning Engineer
3809,Software Engineer
8385,Network Engineer
7620,VAT & Finance Officer
9022,Marketing Manager
2416,DevOps Engineer
181,Machine Learning Engineer
4617,AI & Deep Learning Engineer
4032,Marketing Manager
8456,Bank Audit Officer
6748,HR Manager
4183,Internal Auditor
1089,Civil/Structural Engineer
694,Software Engineer
1259,Marketing Manager
4426,Marketing Manager
7848,AI & Deep Learning Engineer
829,Full Stack Developer
1136,Management Trainee
2551,DevOps Engineer
1103,Admin & Safety Officer
1098,Internal Auditor
8509,Management Trainee
293,Management Trainee
284,Machine Learning Engineer
3630,Apparel Sourcing Manager
9178,Machine Learning Engineer
893,Full Stack Developer
324,Internal Auditor
6274,Machine Learning Engineer
2787,IT Infrastructure Engineer
1969,HR Manager
7006,Machine Learning Engineer
8986,VAT & Finance Officer
9133,Marketing Manager
1518,Construction Manager
17,Marketing Manager
2447,AI & Deep Learning Engineer
5662,IT Systems Admin
2635,Maintenance Engineer
7873,Civil/Environmental Engineer
3037,Construction Manager
9013,VAT & Finance Officer
8137,Data Engineer
5269,Data Engineer
5439,Management Trainee
7451,Apparel Sourcing Manager
8427,Mechanical Design Engineer
8849,Marketing Manager
7317,Marketing Manager
3886,IT Support Engineer
2428,Marketing Manager
774,Senior ML/NLP Engineer
8848,Bank Audit Officer
6390,Maintenance Engineer
183,Admin & Safety Officer
5444,Software Engineer
4083,Civil/Environmental Engineer
1845,HR & Recruitment Specialist
3902,Marketing Manager
359,AI & Deep Learning Engineer
1286,Apparel Sourcing Manager
6712,Apparel Sourcing Manager
3474,Network Engineer
1689,Digital Marketing Manager
3456,IT Support Engineer
4790,Digital Marketing Manager
176,AI & Deep Learning Engineer
4142,Full Stack Developer
2010,Mechanical Design Engineer
923,IT Systems Admin
6639,Management Trainee
426,Internal Auditor
4527,Management Trainee
2124,Management Trainee
6939,DevOps Engineer
6514,Construction Manager
1058,Bank Audit Officer
6910,Bank Audit Officer
3772,IT Support Engineer
4640,Bank Audit Officer
2269,Machine Learning Engineer
1426,Network Engineer
9180,Network Engineer
1473,IT Systems Admin
5734,Maintenance Engineer
8912,Management Trainee
8868,Civil/Structural Engineer
7075,HR Manager
6771,Internal Auditor
1015,Civil/Environmental Engineer
661,Internal Auditor
4754,Civil/Structural Engineer
7804,HR & Recruitment Specialist
3867,Admin & Safety Officer
4544,Maintenance Engineer
4213,iOS Developer
916,Machine Learning Engineer
4808,Civil/Environmental Engineer
4256,Full Stack Developer
344,Full Stack Developer
2372,Civil/Environmental Engineer
734,Apparel Sourcing Manager
8945,Software Engineer
4215,Construction Manager
4789,VAT & Finance Officer
7469,Maintenance Engineer
4258,Admin & Safety Officer
7856,Senior ML/NLP Engineer
2482,IT Support Engineer
3180,Software Engineer
8211,Software Engineer
480,Software Engineer
6375,Internal Auditor
6284,IT Infrastructure Engineer
2038,IT Systems Admin
2330,Apparel Sourcing Manager
3332,VAT & Finance Officer
8588,Civil/Environmental Engineer
1121,Digital Marketing Manager
5894,Marketing Manager
928,Admin & Safety Officer
2255,Marketing Manager
2598,IT Systems Admin
5368,Management Trainee
6406,Construction Manager
7247,Apparel Sourcing Manager
165,Software Engineer
9218,VAT & Finance Officer
81,Data Engineer
1376,Maintenance Engineer
8327,Software Engineer
6876,Mechanical Design Engineer
5431,Management Trainee
4766,Digital Marketing Manager
1046,Civil/Structural Engineer
5209,HR Manager
6076,Mechanical Design Engineer
5165,Mechanical Design Engineer
3006,Maintenance Engineer
4677,Admin & Safety Officer
7881,HR & Recruitment Specialist
5892,Software Engineer
1185,Maintenance Engineer
8857,Bank Audit Officer
6860,IT Systems Admin
4140,Construction Manager
8618,iOS Developer
984,Marketing Manager
1656,Apparel Sourcing Manager
302,Construction Manager
6611,Software Engineer
5557,Apparel Sourcing Manager
1280,Civil/Structural Engineer
954,HR Manager
1908,Apparel Sourcing Manager
1189,Software Engineer
4844,Data Engineer
8413,HR Manager
3711,DevOps Engineer
3935,Civil/Environmental Engineer
5366,HR Manager
4891,Admin & Safety Officer
2427,AI & Deep Learning Engineer
3513,Internal Auditor
9176,Mechanical Design Engineer
8202,Maintenance Engineer
6384,IT Infrastructure Engineer
6627,IT Support Engineer
2505,Management Trainee
7961,HR Manager
1966,iOS Developer
2970,Civil/Structural Engineer
753,Admin & Safety Officer
4802,Network Engineer
3629,Marketing Manager
1217,Senior ML/NLP Engineer
4481,VAT & Finance Officer
7303,Civil/Structural Engineer
9289,HR Manager
3644,HR Manager
7880,Software Engineer
6300,Data Engineer
1025,Mechanical Design Engineer
4679,Civil/Structural Engineer
8204,Construction Manager
1849,VAT & Finance Officer
7574,Network Engineer
4404,IT Support Engineer
1570,Marketing Manager
6913,HR Manager
5749,VAT & Finance Officer
3927,DevOps Engineer
9058,Maintenance Engineer
6181,Admin & Safety Officer
4453,Software Engineer
9265,Network Engineer
5475,IT Support Engineer
5864,DevOps Engineer
2475,Bank Audit Officer
4980,Bank Audit Officer
4626,IT Support Engineer
840,Internal Auditor
6649,Data Engineer
4373,IT Support Engineer
6455,IT Infrastructure Engineer
3821,HR Manager
6248,Admin & Safety Officer
8321,Admin & Safety Officer
145,IT Systems Admin
8391,Mechanical Design Engineer
4826,IT Support Engineer
4605,IT Support Engineer
973,HR Manager
8236,Civil/Structural Engineer
9061,IT Support Engineer
1664,IT Support Engineer
319,Maintenance Engineer
1808,Internal Auditor
1828,Construction Manager
1289,IT Support Engineer
4001,HR Manager
6061,VAT & Finance Officer
301,Data Engineer
2376,VAT & Finance Officer
5719,Machine Learning Engineer
2183,AI & Deep Learning Engineer
5168,Marketing Manager
9211,Digital Marketing Manager
6235,Software Engineer
184,Full Stack Developer
8666,IT Infrastructure Engineer
5537,Internal Auditor
5594,Construction Manager
7323,Civil/Environmental Engineer
909,IT Support Engineer
6997,IT Systems Admin
4181,Software Engineer
6172,Senior ML/NLP Engineer
7983,Civil/Environmental Engineer
4671,IT Systems Admin
1929,IT Systems Admin
4437,Admin & Safety Officer
8185,AI & Deep Learning Engineer
771,AI & Deep Learning Engineer
2198,Apparel Sourcing Manager
114,Senior ML/NLP Engineer
6908,Admin & Safety Officer
6238,Database Administrator
8955,Management Trainee
1887,Full Stack Developer
3219,HR Manager
7947,Network Engineer
8379,Network Engineer
3492,Management Trainee
6628,Bank Audit Officer
6905,VAT & Finance Officer
4074,Senior ML/NLP Engineer
1760,Mechanical Design Engineer
527,Apparel Sourcing Manager
4751,HR Manager
5200,Network Engineer
2396,Admin & Safety Officer
1231,DevOps Engineer
3316,Admin & Safety Officer
2734,AI & Deep Learning Engineer
4938,Bank Audit Officer
5665,IT Infrastructure Engineer
3536,AI & Deep Learning Engineer
5139,Management Trainee
7411,Civil/Structural Engineer
8091,AI & Deep Learning Engineer
667,iOS Developer
4795,Construction Manager
125,Digital Marketing Manager
5582,Bank Audit Officer
1129,IT Infrastructure Engineer
6098,Civil/Environmental Engineer
482,Digital Marketing Manager
5937,Digital Marketing Manager
7913,Management Trainee
7235,AI & Deep Learning Engineer
5062,Civil/Environmental Engineer
190,Admin & Safety Officer
6521,Database Administrator
5319,Admin & Safety Officer
3557,Data Engineer
3994,HR Manager
1840,Marketing Manager
3501,Construction Manager
7684,Network Engineer
3170,Marketing Manager
5484,IT Systems Admin
1165,IT Infrastructure Engineer
4243,Apparel Sourcing Manager
376,Construction Manager
3279,Full Stack Developer
1579,Maintenance Engineer
4777,Civil/Environmental Engineer
773,Bank Audit Officer
7458,Full Stack Developer
2747,Network Engineer
4028,Civil/Environmental Engineer
6472,Civil/Structural Engineer
7167,Full Stack Developer
4847,Network Engineer
4385,Database Administrator
1277,Bank Audit Officer
8481,Internal Auditor
7004,HR Manager
1492,Database Administrator
1989,HR Manager
7445,IT Support Engineer
291,Machine Learning Engineer
6346,Software Engineer
1878,HR & Recruitment Specialist
6678,Senior ML/NLP Engineer
7159,iOS Developer
8712,Civil/Environmental Engineer
4688,Software Engineer
1160,Admin & Safety Officer
129,IT Systems Admin
6735,Bank Audit Officer
3702,AI & Deep Learning Engineer
653,Full Stack Developer
3299,IT Support Engineer
8068,IT Systems Admin
8775,Mechanical Design Engineer
600,Civil/Environmental Engineer
7085,IT Support Engineer
5917,Network Engineer
8798,Civil/Environmental Engineer
4195,Maintenance Engineer
373,Civil/Environmental Engineer
2192,Maintenance Engineer
3444,IT Support Engineer
4061,Civil/Environmental Engineer
2506,Digital Marketing Manager
8842,Senior ML/NLP Engineer
5196,IT Systems Admin
4378,VAT & Finance Officer
4495,Internal Auditor
8183,Full Stack Developer
8470,Admin & Safety Officer
7583,Maintenance Engineer
4220,IT Infrastructure Engineer
2710,Machine Learning Engineer
8422,Senior ML/NLP Engineer
3973,Apparel Sourcing Manager
8496,IT Support Engineer
7946,Apparel Sourcing Manager
1142,Database Administrator
3447,Network Engineer
6092,Internal Auditor
1904,VAT & Finance Officer
6289,Construction Manager
1416,Network Engineer
283,Software Engineer
6842,Internal Auditor
6215,Civil/Structural Engineer
6162,Internal Auditor
5099,Software Engineer
7542,VAT & Finance Officer
6752,Network Engineer
8176,Data Engineer
4585,Mechanical Design Engineer
4201,AI & Deep Learning Engineer
271,VAT & Finance Officer
3836,Apparel Sourcing Manager
1644,HR Manager
2538,Civil/Environmental Engineer
2370,Full Stack Developer
8071,DevOps Engineer
4810,Network Engineer
8298,IT Systems Admin
6223,Marketing Manager
2805,Mechanical Design Engineer
3343,Apparel Sourcing Manager
6922,IT Systems Admin
6415,Admin & Safety Officer
4676,Internal Auditor
796,Digital Marketing Manager
3243,Admin & Safety Officer
2306,Data Engineer
7172,Machine Learning Engineer
6517,iOS Developer
3666,Internal Auditor
5113,IT Infrastructure Engineer
2462,AI & Deep Learning Engineer
1501,Data Engineer
7117,Management Trainee
2546,Construction Manager
2499,Software Engineer
4956,Civil/Structural Engineer
989,Data Engineer
1361,IT Infrastructure Engineer
3801,Database Administrator
7798,Digital Marketing Manager
7917,HR & Recruitment Specialist
1749,IT Infrastructure Engineer
5722,VAT & Finance Officer
4589,IT Support Engineer
4732,DevOps Engineer
4602,Maintenance Engineer
4364,Apparel Sourcing Manager
6856,Software Engineer
662,Construction Manager
3094,Internal Auditor
7915,Senior ML/NLP Engineer
3869,Apparel Sourcing Manager
349,Data Engineer
1752,HR Manager
7265,Management Trainee
7746,Maintenance Engineer
7436,AI & Deep Learning Engineer
7143,IT Support Engineer
530,Bank Audit Officer
3911,Admin & Safety Officer
8033,IT Systems Admin
6102,Senior ML/NLP Engineer
2620,Mechanical Design Engineer
1516,Software Engineer
1479,Marketing Manager
1964,IT Infrastructure Engineer
1001,iOS Developer
1493,Internal Auditor
5378,IT Systems Admin
9086,Mechanical Design Engineer
3852,IT Systems Admin
6829,Network Engineer
8890,IT Systems Admin
7938,HR & Recruitment Specialist
1841,AI & Deep Learning Engineer
6508,HR Manager
6042,Civil/Structural Engineer
2626,Construction Manager
4079,Network Engineer
632,HR & Recruitment Specialist
4511,Civil/Structural Engineer
1202,Maintenance Engineer
3786,Maintenance Engineer
1800,Internal Auditor
3445,Bank Audit Officer
5245,Senior ML/NLP Engineer
8840,Bank Audit Officer
6392,IT Infrastructure Engineer
9104,Maintenance Engineer
260,Mechanical Design Engineer
7073,VAT & Finance Officer
1325,Civil/Environmental Engineer
4637,IT Infrastructure Engineer
8132,IT Systems Admin
445,Database Administrator
4630,Marketing Manager
3499,AI & Deep Learning Engineer
5833,Construction Manager
5740,Software Engineer
3624,IT Support Engineer
4298,Senior ML/NLP Engineer
7602,iOS Developer
4518,Civil/Structural Engineer
2158,AI & Deep Learning Engineer
3403,Internal Auditor
2040,Senior ML/NLP Engineer
2680,Bank Audit Officer
4768,AI & Deep Learning Engineer
4593,Machine Learning Engineer
8536,IT Systems Admin
7138,Full Stack Developer
7609,Database Administrator
107,Apparel Sourcing Manager
4285,Full Stack Developer
2203,Maintenance Engineer
7050,Apparel Sourcing Manager
7671,HR & Recruitment Specialist
405,Civil/Environmental Engineer
3740,VAT & Finance Officer
5742,AI & Deep Learning Engineer
1756,Civil/Environmental Engineer
5288,Senior ML/NLP Engineer
377,IT Infrastructure Engineer
7339,Data Engineer
5847,DevOps Engineer
561,IT Support Engineer
1747,Mechanical Design Engineer
2494,Civil/Structural Engineer
6494,HR & Recruitment Specialist
1295,Marketing Manager
3097,IT Infrastructure Engineer
7358,Maintenance Engineer
478,Construction Manager
2021,Digital Marketing Manager
8175,iOS Developer
3929,IT Systems Admin
8781,Software Engineer
8161,Full Stack Developer
3564,Software Engineer
1596,Senior ML/NLP Engineer
8394,Network Engineer
8209,Admin & Safety Officer
6462,Network Engineer
2271,Marketing Manager
7266,IT Systems Admin
4954,IT Systems Admin
538,Network Engineer
1578,Full Stack Developer
7657,Marketing Manager
4182,HR Manager
4805,VAT & Finance Officer
5047,Civil/Structural Engineer
2200,HR & Recruitment Specialist
6471,Maintenance Engineer
5257,Digital Marketing Manager
6399,Senior ML/NLP Engineer
4138,AI & Deep Learning Engineer
2211,Data Engineer
3080,Network Engineer
6734,Full Stack Developer
2115,Machine Learning Engineer
4148,Management Trainee
7998,Admin & Safety Officer
430,Bank Audit Officer
1720,VAT & Finance Officer
8004,Machine Learning Engineer
9015,HR Manager
2326,Bank Audit Officer
1222,Marketing Manager
5350,Marketing Manager
898,Full Stack Developer
3681,VAT & Finance Officer
2074,VAT & Finance Officer
4791,Bank Audit Officer
8243,Mechanical Design Engineer
292,IT Systems Admin
959,HR Manager
6202,IT Systems Admin
6675,IT Systems Admin
6497,HR Manager
1883,DevOps Engineer
1512,Construction Manager
5841,Machine Learning Engineer
8167,Bank Audit Officer
8954,Digital Marketing Manager
5137,IT Systems Admin
930,HR Manager
5220,Digital Marketing Manager
433,HR Manager
7351,Maintenance Engineer
7181,IT Infrastructure Engineer
8110,iOS Developer
1342,HR & Recruitment Specialist
2301,Full Stack Developer
4573,Machine Learning Engineer
1240,IT Systems Admin
6947,Data Engineer
7811,Maintenance Engineer
7929,Civil/Environmental Engineer
2608,Senior ML/NLP Engineer
5681,iOS Developer
1621,Database Administrator
2474,IT Systems Admin
2947,Mechanical Design Engineer
1125,Bank Audit Officer
4120,Apparel Sourcing Manager
9322,HR Manager
8542,Apparel Sourcing Manager
7900,AI & Deep Learning Engineer
562,Civil/Structural Engineer
7450,Management Trainee
8963,Network Engineer
1442,IT Systems Admin
5504,Civil/Environmental Engineer
5305,Construction Manager
1820,IT Systems Admin
7631,HR Manager
5640,Software Engineer
363,Apparel Sourcing Manager
3926,AI & Deep Learning Engineer
4599,IT Support Engineer
8063,DevOps Engineer
8596,IT Infrastructure Engineer
2868,Civil/Structural Engineer
225,AI & Deep Learning Engineer
1823,HR & Recruitment Specialist
8574,Civil/Structural Engineer
8299,AI & Deep Learning Engineer
9078,IT Infrastructure Engineer
2296,Senior ML/NLP Engineer
4841,Admin & Safety Officer
2810,HR & Recruitment Specialist
8843,Civil/Structural Engineer
6572,Full Stack Developer
2786,Internal Auditor
9038,Management Trainee
4764,Internal Auditor
4059,Apparel Sourcing Manager
5843,Maintenance Engineer
1695,Management Trainee
4843,Bank Audit Officer
4382,Maintenance Engineer
8430,Marketing Manager
3357,IT Support Engineer
7640,Civil/Structural Engineer
6141,AI & Deep Learning Engineer
3396,Apparel Sourcing Manager
8530,iOS Developer
2602,Civil/Environmental Engineer
471,AI & Deep Learning Engineer
1996,Digital Marketing Manager
635,IT Infrastructure Engineer
6489,Machine Learning Engineer
8578,Software Engineer
1459,DevOps Engineer
1078,IT Systems Admin
709,iOS Developer
6730,DevOps Engineer
6147,Management Trainee
2230,Construction Manager
877,Civil/Structural Engineer
1070,Construction Manager
194,VAT & Finance Officer
7937,HR Manager
6520,Network Engineer
4282,Construction Manager
418,Mechanical Design Engineer
380,AI & Deep Learning Engineer
2637,Maintenance Engineer
4609,HR & Recruitment Specialist
2882,Full Stack Developer
3990,HR Manager
5208,HR Manager
5866,Data Engineer
4580,Machine Learning Engineer
4022,Full Stack Developer
7150,Internal Auditor
5579,Network Engineer
3659,Machine Learning Engineer
2942,VAT & Finance Officer
6034,Senior ML/NLP Engineer
6113,iOS Developer
4913,Civil/Environmental Engineer
3571,Maintenance Engineer
6301,VAT & Finance Officer
6657,AI & Deep Learning Engineer
7828,Management Trainee
6531,Machine Learning Engineer
6787,Data Engineer
1932,Senior ML/NLP Engineer
3657,Internal Auditor
2988,Admin & Safety Officer
325,Software Engineer
5521,Management Trainee
8799,HR Manager
2000,iOS Developer
6731,IT Systems Admin
7997,IT Infrastructure Engineer
1036,DevOps Engineer
1505,HR Manager
2131,DevOps Engineer
6356,HR Manager
2242,IT Support Engineer
3774,DevOps Engineer
1704,HR & Recruitment Specialist
8697,AI & Deep Learning Engineer
2627,Management Trainee
6691,Admin & Safety Officer
730,Machine Learning Engineer
1770,Network Engineer
2841,AI & Deep Learning Engineer
6858,Full Stack Developer
7580,DevOps Engineer
43,Maintenance Engineer
4167,Civil/Environmental Engineer
1418,Software Engineer
5427,IT Infrastructure Engineer
550,Apparel Sourcing Manager
1477,IT Systems Admin
9155,Civil/Environmental Engineer
568,VAT & Finance Officer
6957,Apparel Sourcing Manager
193,Mechanical Design Engineer
3318,Admin & Safety Officer
6327,AI & Deep Learning Engineer
698,Admin & Safety Officer
2466,IT Support Engineer
4878,IT Infrastructure Engineer
3615,VAT & Finance Officer
5014,Machine Learning Engineer
8495,Civil/Structural Engineer
2958,Network Engineer
8913,IT Support Engineer
6329,Software Engineer
8199,HR & Recruitment Specialist
4399,Machine Learning Engineer
10,Mechanical Design Engineer
9024,Machine Learning Engineer
6413,Civil/Structural Engineer
1183,Full Stack Developer
8047,HR & Recruitment Specialist
3257,Full Stack Developer
784,Database Administrator
6225,Digital Marketing Manager
8503,Database Administrator
6307,IT Systems Admin
8008,Full Stack Developer
595,Internal Auditor
3966,Admin & Safety Officer
8577,Apparel Sourcing Manager
6923,Software Engineer
3224,HR & Recruitment Specialist
1784,Database Administrator
347,IT Support Engineer
8647,Full Stack Developer
3490,Data Engineer
6188,Mechanical Design Engineer
1368,iOS Developer
3709,IT Infrastructure Engineer
6883,HR Manager
7933,Admin & Safety Officer
7141,Data Engineer
4756,DevOps Engineer
3559,IT Systems Admin
6180,Database Administrator
846,Maintenance Engineer
1356,VAT & Finance Officer
5965,HR Manager
5849,Civil/Environmental Engineer
5541,Data Engineer
7892,Bank Audit Officer
6177,Marketing Manager
4981,HR Manager
2205,Apparel Sourcing Manager
1319,Software Engineer
761,Civil/Environmental Engineer
7825,IT Systems Admin
6006,HR Manager
3638,Machine Learning Engineer
780,Civil/Structural Engineer
693,Software Engineer
5987,HR Manager
8097,Network Engineer
4836,IT Systems Admin
5055,Machine Learning Engineer
357,VAT & Finance Officer
3033,Network Engineer
4545,Digital Marketing Manager
3934,Senior ML/NLP Engineer
5853,Civil/Environmental Engineer
4715,IT Infrastructure Engineer
8556,Maintenance Engineer
3182,Management Trainee
963,Digital Marketing Manager
8017,HR Manager
9025,Civil/Structural Engineer
3583,Civil/Environmental Engineer
2718,HR & Recruitment Specialist
2290,Marketing Manager
4525,Apparel Sourcing Manager
7086,Civil/Structural Engineer
1871,Software Engineer
87,DevOps Engineer
891,Construction Manager
3658,Digital Marketing Manager
5429,Database Administrator
5753,Admin & Safety Officer
1723,Civil/Structural Engineer
5270,VAT & Finance Officer
1,Senior ML/NLP Engineer
7342,iOS Developer
1864,Maintenance Engineer
7740,Full Stack Developer
3895,Senior ML/NLP Engineer
5112,Database Administrator
155,IT Systems Admin
4485,Machine Learning Engineer
7345,Software Engineer
9189,Civil/Structural Engineer
519,Maintenance Engineer
3731,VAT & Finance Officer
2548,IT Support Engineer
8459,Network Engineer
2913,Construction Manager
791,Internal Auditor
1282,Data Engineer
3374,Apparel Sourcing Manager
8633,AI & Deep Learning Engineer
3905,Bank Audit Officer
912,Admin & Safety Officer
7389,Database Administrator
413,Data Engineer
4234,Machine Learning Engineer
2243,Maintenance Engineer
8270,Full Stack Developer
1348,Admin & Safety Officer
2283,Full Stack Developer
5805,HR Manager
9123,Bank Audit Officer
9119,Software Engineer
4601,iOS Developer
5381,Machine Learning Engineer
2846,IT Systems Admin
1248,Mechanical Design Engineer
9090,Civil/Structural Engineer
7446,Apparel Sourcing Manager
2201,DevOps Engineer
4982,HR & Recruitment Specialist
6696,Bank Audit Officer
1393,Maintenance Engineer
173,Network Engineer
8196,Admin & Safety Officer
9046,IT Systems Admin
5517,Senior ML/NLP Engineer
4862,Construction Manager
4376,iOS Developer
2204,AI & Deep Learning Engineer
9239,IT Infrastructure Engineer
554,Management Trainee
7149,Database Administrator
1914,VAT & Finance Officer
6791,Maintenance Engineer
7479,IT Systems Admin
4147,DevOps Engineer
7307,Software Engineer
6345,DevOps Engineer
3404,Construction Manager
6658,Senior ML/NLP Engineer
4528,Bank Audit Officer
7803,iOS Developer
7220,Construction Manager
1478,VAT & Finance Officer
1670,Software Engineer
401,Construction Manager
3716,Machine Learning Engineer
8601,Internal Auditor
1053,HR & Recruitment Specialist
681,Data Engineer
4951,IT Systems Admin
3189,Full Stack Developer
64,Civil/Environmental Engineer
4455,Network Engineer
9047,Management Trainee
2193,HR Manager
2811,Civil/Structural Engineer
4942,Civil/Structural Engineer
1980,Full Stack Developer
14,Maintenance Engineer
3130,Construction Manager
9258,Database Administrator
8288,DevOps Engineer
411,Maintenance Engineer
7868,Machine Learning Engineer
1062,Mechanical Design Engineer
1264,VAT & Finance Officer
5854,AI & Deep Learning Engineer
3375,Construction Manager
5596,HR & Recruitment Specialist
8965,IT Support Engineer
5248,Data Engineer
6230,Mechanical Design Engineer
7299,IT Systems Admin
2702,HR & Recruitment Specialist
1940,Internal Auditor
3193,Full Stack Developer
6552,Network Engineer
5732,Mechanical Design Engineer
7923,Internal Auditor
5888,Data Engineer
2945,Civil/Environmental Engineer
5108,Data Engineer
865,DevOps Engineer
447,VAT & Finance Officer
5509,Admin & Safety Officer
4372,Construction Manager
